,TOV_team,F_tech,team_score,opponent_team_score,largest_lead,OT_length_min_tot,rest_days,attendance,tz_dif_H_E,prev_game_dist,home_away_NS,travel_dist,shooting_efficiency,rebound_score,assist_turnover_ratio,defensive_impact
texas_am_aggies,0.3103448275862069,0.06896551724137931,69.34482758620689,67.44827586206897,14.862068965517242,,,,-0.10344827586206896,,0.2413793103448276,693.0,0.4546134979462545,39.206896551724135,0.9481089757249589,-8.241379310344827
texas_am_corpus_christi_islanders,0.41379310344827586,0.0,63.58620689655172,57.44827586206897,15.10344827586207,,,,,,-0.06896551724137931,,0.4484111281781822,40.13793103448276,0.8127253369472702,-3.9655172413793105
james_madison_dukes,0.4827586206896552,0.3103448275862069,63.55172413793103,64.58620689655173,10.551724137931034,,,1629.5172413793102,,,0.034482758620689655,172.79310344827587,0.43009525776918406,39.96551724137931,0.5648957284099853,-7.9655172413793105
virginia_cavaliers,0.7407407407407407,0.2222222222222222,55.03703703703704,65.48148148148148,5.703703703703703,,,1798.2222222222222,,,0.07407407407407407,417.55555555555554,0.3957169736648009,35.074074074074076,0.607616949204347,-8.148148148148149
richmond_spiders,0.7333333333333333,0.0,70.5,67.06666666666666,13.933333333333334,,,,0.03333333333333333,,0.03333333333333333,223.43333333333334,0.45266738287423436,37.2,0.9063988980924303,-3.933333333333333
charlotte_49ers,0.8064516129032258,0.03225806451612903,63.61290322580645,58.12903225806452,13.709677419354838,,,,-0.06451612903225806,,-0.03225806451612903,558.7096774193549,0.43612810092041493,38.03225806451613,0.7947875125806314,-3.935483870967742
north_dakota_fighting_hawks,0.6551724137931034,0.034482758620689655,66.79310344827586,68.86206896551724,10.241379310344827,,,,,,-0.13793103448275862,,0.45133029481466896,38.93103448275862,0.8557523869708527,-5.793103448275862
bucknell_bison,0.46875,0.0625,62.4375,54.46875,15.375,,,602.21875,0.0,,-0.03125,159.1875,0.4450988303684895,34.84375,1.1144694870725251,-2.90625
creighton_bluejays,0.4482758620689655,0.034482758620689655,74.82758620689656,63.44827586206897,18.06896551724138,,,,0.034482758620689655,,0.06896551724137931,594.1724137931035,0.4603907875793778,35.89655172413793,1.7683230611422667,-5.344827586206897
northern_iowa_panthers,0.5806451612903226,0.03225806451612903,68.2258064516129,58.225806451612904,17.64516129032258,,,,,,-0.03225806451612903,,0.4438790527134527,37.41935483870968,1.154104531463964,-3.4516129032258065
temple_owls,0.9642857142857143,0.10714285714285714,59.714285714285715,61.42857142857143,8.964285714285714,,,,-0.03571428571428571,,-0.03571428571428571,689.8571428571429,0.4187406704298127,38.67857142857143,0.7125983965100339,-6.75
villanova_wildcats,0.6666666666666666,0.0,65.56666666666666,60.833333333333336,13.766666666666667,,,,0.0,,-0.03333333333333333,275.6666666666667,0.429246193055812,35.2,1.2780714389383117,-3.4
xavier_musketeers,0.5333333333333333,0.06666666666666667,62.333333333333336,72.83333333333333,6.266666666666667,,,,,,-0.03333333333333333,395.1,0.4404071204998577,36.3,0.8060170746338694,-6.133333333333334
eastern_kentucky_colonels,0.3870967741935484,0.22580645161290322,67.0,66.64516129032258,10.870967741935484,,,,,,-0.16129032258064516,,0.43968327473097507,38.67741935483871,0.7071574010532244,-4.483870967741935
illinois_fighting_illini,0.37037037037037035,0.07407407407407407,64.37037037037037,74.44444444444444,7.37037037037037,,,,,,0.25925925925925924,235.88888888888889,0.4252594177597477,36.7037037037037,0.7911719782666907,-5.222222222222222
middle_tennessee_blue_raiders,0.8,0.03333333333333333,68.03333333333333,56.96666666666667,17.866666666666667,,,,0.06666666666666667,,0.0,449.5,0.42210497670785835,35.9,1.0027210554609935,-5.466666666666667
arizona_wildcats,0.8076923076923077,0.11538461538461539,68.5,57.38461538461539,17.923076923076923,,,,-0.038461538461538464,,0.19230769230769232,968.3461538461538,0.4603564251115938,32.76923076923077,1.167442351316488,-2.6153846153846154
rutgers_scarlet_knights,1.3870967741935485,0.0967741935483871,58.41935483870968,60.0,9.096774193548388,,,,-0.06451612903225806,,0.1935483870967742,652.0645161290323,0.42841749793114653,37.32258064516129,0.6725256342756976,-4.935483870967742
presbyterian_blue_hose,0.6666666666666666,0.0,59.93333333333333,63.166666666666664,7.6,,,,,,-0.1,,0.4392378664673366,35.733333333333334,0.6198475279205639,-6.433333333333334
jacksonville_dolphins,0.6666666666666666,0.3333333333333333,59.333333333333336,58.7037037037037,10.296296296296296,,,,,,-0.07407407407407407,,0.41818301398618163,33.370370370370374,0.6217979309482577,-4.518518518518518
unc_pembroke_braves,2.0,0.0,65.0,45.0,20.0,,,,,,0.0,,0.4444444444444444,42.0,1.3076923076923077,-12.0
winthrop_eagles,0.7,0.0,51.63333333333333,68.46666666666667,5.733333333333333,,,,,,-0.1,,0.3877125933579181,35.733333333333334,0.479292021203734,-7.633333333333334
stephen_f_austin_ladyjacks,0.9655172413793104,0.27586206896551724,74.48275862068965,55.3448275862069,23.06896551724138,,,,,,-0.034482758620689655,,0.4680501555244709,35.724137931034484,1.132781589990988,-0.5172413793103449
ball_state_cardinals,0.7741935483870968,0.0,71.90322580645162,68.03225806451613,12.03225806451613,,,,-0.06451612903225806,,0.03225806451612903,288.2903225806452,0.4408141791011032,35.0,1.1932054665930627,-5.612903225806452
norfolk_state_spartans,0.5384615384615384,0.6923076923076923,60.96153846153846,55.84615384615385,14.692307692307692,,,,,,-0.07692307692307693,,0.40570052709804894,36.46153846153846,0.7163487892251373,-2.8461538461538463
air_force_falcons,1.1290322580645162,0.0967741935483871,62.064516129032256,58.16129032258065,11.483870967741936,,,,,,-0.06451612903225806,,0.4154343088233884,34.225806451612904,1.0516132005138796,-4.548387096774194
saint_louis_billikens,0.7777777777777778,0.0,59.81481481481482,64.07407407407408,8.296296296296296,,,,,,-0.07407407407407407,656.5925925925926,0.40845866709190687,39.18518518518518,0.8156716295103522,-1.4444444444444444
liberty_flames,0.7666666666666667,0.03333333333333333,67.0,51.8,21.5,,,,,,0.13333333333333333,,0.4625601928024518,42.06666666666667,1.0904346208175795,-6.9
navy_midshipmen,0.5806451612903226,0.12903225806451613,55.096774193548384,62.74193548387097,5.0,,,,0.0,,0.0967741935483871,132.16129032258064,0.38275059208053974,35.16129032258065,0.7717104134920973,-6.67741935483871
idaho_vandals,0.4375,0.03125,68.46875,70.125,11.40625,,,,,,0.0,,0.41241585083726384,37.1875,1.3323962485098317,-5.5625
nevada_wolf_pack,0.4482758620689655,0.0,67.13793103448276,62.10344827586207,11.793103448275861,,,,,,-0.034482758620689655,,0.4400033373630521,35.55172413793103,1.123566477503344,-5.724137931034483
south_carolina_state_lady_bulldogs,1.3333333333333333,0.0,49.4,75.53333333333333,,,,,0.0,,-0.7333333333333333,568.7333333333333,0.3428342049346159,37.53333333333333,0.4019675046506832,-6.466666666666667
jacksonville_state_gamecocks,0.5172413793103449,0.034482758620689655,67.37931034482759,58.275862068965516,15.689655172413794,,,,,,-0.034482758620689655,,0.421044722703409,38.93103448275862,0.9096613087338509,-8.0
massachusetts_minutewomen,0.375,0.03125,71.53125,60.78125,15.75,,,,,,0.0625,404.1875,0.45443789860352596,40.53125,1.0444162251147546,-4.21875
kent_state_golden_flashes,0.7586206896551724,0.13793103448275862,68.65517241379311,61.3448275862069,14.275862068965518,,,,,,0.0,,0.44430392840510186,38.793103448275865,0.8831265974041143,-6.655172413793103
penn_state_lady_lions,0.6206896551724138,0.06896551724137931,70.58620689655173,74.89655172413794,10.10344827586207,,,,0.10344827586206896,,0.034482758620689655,492.13793103448273,0.4433614684861479,33.206896551724135,0.8846973667830307,-1.896551724137931
iowa_state_cyclones,0.46875,0.03125,76.875,63.75,20.96875,,,,0.0625,,0.15625,514.5625,0.4814182495822883,39.71875,1.0904826900932747,-3.65625
drexel_dragons,0.7096774193548387,0.0967741935483871,65.58064516129032,55.806451612903224,15.483870967741936,,,,-0.0967741935483871,,0.22580645161290322,394.3225806451613,0.45099337684026125,35.903225806451616,1.5586220020755124,-3.6774193548387095
fresno_state_bulldogs,0.6551724137931034,0.13793103448275862,69.34482758620689,69.13793103448276,11.03448275862069,,,,,,-0.10344827586206896,,0.45236851827946645,36.0,1.1366703227815431,-5.793103448275862
nebraska_cornhuskers,0.375,0.125,78.53125,64.1875,21.5,,,,,,0.1875,515.34375,0.4714709571414337,42.09375,1.31146937572876,-5.28125
san_diego_toreros,0.6896551724137931,0.06896551724137931,66.58620689655173,65.62068965517241,10.310344827586206,,,,0.0,,-0.034482758620689655,402.9310344827586,0.43909747061134996,35.13793103448276,0.8196764738669446,-6.206896551724138
san_francisco_dons,0.3870967741935484,0.1935483870967742,68.19354838709677,68.19354838709677,12.0,,,,-0.06451612903225806,,-0.12903225806451613,442.80645161290323,0.44265482024947267,33.774193548387096,1.0637730967502264,-7.645161290322581
drake_bulldogs,0.5666666666666667,0.0,74.66666666666667,67.9,16.9,,,,,,0.1,,0.4653112645248752,40.833333333333336,1.1150176845818598,-3.533333333333333
sacramento_state_hornets,0.7666666666666667,0.0,64.8,65.56666666666666,8.966666666666667,,,,,,-0.06666666666666667,,0.4502048669261054,34.266666666666666,1.0003572231861706,-6.7
illinois_state_redbirds,0.5806451612903226,0.03225806451612903,65.06451612903226,63.0,10.548387096774194,,,,,,-0.06451612903225806,,0.48141447654506625,33.45161290322581,0.8002914200494847,-6.806451612903226
indiana_state_sycamores,1.032258064516129,0.22580645161290322,64.0,65.61290322580645,10.451612903225806,,,,,,-0.0967741935483871,,0.4457227115800197,33.87096774193548,0.7735556437802215,-7.935483870967742
georgia_southern_eagles,0.7692307692307693,0.0,78.07692307692308,68.46153846153847,16.884615384615383,,,,,,0.07692307692307693,,0.44797150210751996,46.34615384615385,0.7133369567345114,-4.461538461538462
louisiana_tech_lady_techsters,0.53125,0.0625,67.5625,60.125,16.125,,,,,,-0.0625,,0.4841777059603615,35.0,0.8561501701879992,-3.65625
jarvis_christian_bulldogs,0.3333333333333333,0.0,56.0,84.66666666666667,2.6666666666666665,,,,,,0.0,,0.3945954630165156,35.666666666666664,0.39561157796451907,-17.0
eastern_michigan_eagles,0.4230769230769231,0.19230769230769232,66.46153846153847,71.92307692307692,9.923076923076923,,,,,,0.0,,0.4166720491928842,37.26923076923077,0.697521006883355,-4.8076923076923075
florida_international_panthers,1.0333333333333334,0.0,64.0,62.3,10.8,,,,,,0.06666666666666667,,0.42498043480194075,33.86666666666667,0.7322329623894102,-7.966666666666667
san_diego_state_aztecs,0.7419354838709677,0.16129032258064516,62.645161290322584,63.74193548387097,8.935483870967742,,,,,,0.06451612903225806,,0.41950034178003276,37.83870967741935,0.949791664470332,-7.580645161290323
furman_paladins,0.7777777777777778,0.1111111111111111,65.5925925925926,60.888888888888886,15.074074074074074,,,,,,-0.037037037037037035,,0.4225646659593265,42.111111111111114,0.8461029680800921,-5.888888888888889
california_golden_bears,0.625,0.3333333333333333,68.45833333333333,66.41666666666667,13.625,,,,,,0.20833333333333334,,0.45669739926126596,37.458333333333336,0.9593088726127325,-5.458333333333333
ole_miss_rebels,0.5517241379310345,0.3103448275862069,67.41379310344827,56.275862068965516,18.448275862068964,,,,-0.10344827586206896,,0.13793103448275862,457.13793103448273,0.4470152946689365,39.06896551724138,1.0144717351613903,-3.3448275862068964
nicholls_colonels,0.6,0.08,59.48,70.84,4.76,,,,,,-0.12,,0.42571865241066287,36.04,0.524034667121664,-7.44
montana_lady_griz,0.4,0.06666666666666667,67.93333333333334,60.6,14.466666666666667,,,,,,0.06666666666666667,,0.45692899351734045,41.2,0.9640342537492221,-3.8
ucf_knights,1.0,0.037037037037037035,60.666666666666664,47.48148148148148,16.444444444444443,,,,,,0.07407407407407407,694.5185185185185,0.45441718245084173,37.407407407407405,0.92067383107577,1.037037037037037
usc_trojans,0.8076923076923077,0.15384615384615385,64.73076923076923,64.3076923076923,11.923076923076923,,,,,,0.2692307692307692,656.8846153846154,0.4519372684770503,39.0,0.8926829538724712,-2.9615384615384617
south_dakota_state_jackrabbits,0.65625,0.0,74.125,58.0625,24.21875,,,,,,0.0,,0.4903077693940495,36.90625,1.4120563897907648,-2.71875
ucla_bruins,0.64,0.2,65.96,61.36,13.52,,,,0.28,,0.12,943.0,0.44572212169975606,36.88,1.1202191664544607,-8.0
st_johns_red_storm,0.4838709677419355,0.06451612903225806,72.03225806451613,73.70967741935483,10.516129032258064,,,,0.12903225806451613,,0.0,415.741935483871,0.4514464547060159,34.483870967741936,1.0048129434177568,-4.096774193548387
long_beach_state_beach,0.48148148148148145,0.0,62.03703703703704,56.77777777777778,12.88888888888889,,,,,,-0.037037037037037035,,0.4230753432309375,30.814814814814813,1.0203648778949774,-0.7407407407407407
rhode_island_rams,0.7857142857142857,0.10714285714285714,63.785714285714285,52.464285714285715,18.178571428571427,,,,,,0.03571428571428571,,0.4498231266070843,39.285714285714285,0.9857261308707017,-1.6071428571428572
clemson_tigers,0.7241379310344828,0.20689655172413793,65.34482758620689,71.10344827586206,9.586206896551724,,,,,,0.2413793103448276,206.31034482758622,0.4229382716232857,36.3448275862069,0.6650861252788229,-4.620689655172414
mount_st_marys_mountaineers,0.39285714285714285,0.07142857142857142,63.607142857142854,60.035714285714285,13.714285714285714,,,,,,0.03571428571428571,,0.44948969796187577,33.535714285714285,0.7854340551294335,-6.428571428571429
duke_blue_devils,0.43333333333333335,0.03333333333333333,65.03333333333333,62.166666666666664,12.633333333333333,,,,,,0.1,247.43333333333334,0.42152746456119417,38.93333333333333,0.8087969997547891,-3.933333333333333
troy_trojans,0.12903225806451613,0.3225806451612903,79.29032258064517,68.12903225806451,18.06451612903226,,,,,,-0.06451612903225806,,0.43170260349434986,51.03225806451613,0.8711314887438426,-3.4838709677419355
marshall_thundering_herd,0.5,0.03571428571428571,63.642857142857146,60.0,14.178571428571429,,,,,,-0.07142857142857142,,0.4103546002717407,37.464285714285715,0.9376716215255578,-8.857142857142858
bluefield_state_big_blues,1.0,0.0,37.5,92.0,0.0,,,,,,0.0,,0.2904294803817603,28.0,0.3774193548387097,-5.0
ualbany_great_danes,1.4516129032258065,0.0,57.29032258064516,48.483870967741936,14.709677419354838,,,,,,0.06451612903225806,,0.42715012244910944,35.67741935483871,0.7661585030372021,-1.5806451612903225
boston_college_eagles,0.5,0.03333333333333333,72.13333333333334,66.53333333333333,15.033333333333333,,,,0.0,,0.1,407.3666666666667,0.468924208474231,37.333333333333336,0.8621409596460266,-5.166666666666667
colorado_state_rams,0.34375,0.03125,69.1875,62.71875,14.0,,,,,,0.09375,,0.44962554843582575,37.78125,1.5084061873583934,-3.84375
louisville_cardinals,0.27586206896551724,0.41379310344827586,72.17241379310344,55.03448275862069,23.517241379310345,,,,,,0.06896551724137931,613.1724137931035,0.4737338416936108,38.96551724137931,1.0792349216030759,-1.9310344827586208
colgate_raiders,1.0666666666666667,0.13333333333333333,53.9,63.1,5.533333333333333,,,318.56666666666666,0.0,,-0.06666666666666667,188.4,0.40476707094036524,32.2,0.6493790543248749,-7.433333333333334
syracuse_orange,0.20689655172413793,0.2413793103448276,71.0,74.82758620689656,11.931034482758621,,,,,,0.2413793103448276,501.7241379310345,0.42049456793158846,34.86206896551724,0.935059835364095,-3.206896551724138
life_university_running_eagles,1.5,0.0,53.0,70.5,0.5,,,,,,0.0,,0.36791929941248197,41.5,0.31746031746031744,-10.0
lipscomb_bisons,0.8333333333333334,0.16666666666666666,59.56666666666667,65.56666666666666,8.866666666666667,,,,,,-0.13333333333333333,,0.41083178211779037,35.36666666666667,0.7360870601848165,-9.233333333333333
st_francis_brooklyn_terriers,0.4444444444444444,0.0,64.70370370370371,61.851851851851855,11.222222222222221,,,,,,0.0,,0.43476365088755525,32.81481481481482,0.9833568800791844,-4.185185185185185
stony_brook_seawolves,0.6071428571428571,0.07142857142857142,68.07142857142857,56.5,16.892857142857142,,,,0.0,,0.0,122.75,0.4539032502561136,39.464285714285715,0.9224100520775111,-3.7857142857142856
new_hampshire_wildcats,1.0714285714285714,0.07142857142857142,52.964285714285715,60.75,6.785714285714286,,,,,,-0.03571428571428571,,0.39720705805954776,32.5,0.5996440047791051,-7.178571428571429
wagner_seahawks,0.4827586206896552,0.20689655172413793,60.58620689655172,58.206896551724135,11.758620689655173,,,418.55172413793105,,,-0.034482758620689655,77.89655172413794,0.4380512767605958,34.41379310344828,0.8392991685510635,-5.931034482758621
princeton_tigers,0.6666666666666666,0.0,68.88888888888889,51.2962962962963,23.333333333333332,,,,,,0.037037037037037035,164.92592592592592,0.4516884600699012,39.666666666666664,1.0113666631853617,-3.037037037037037
maine_black_bears,0.6774193548387096,0.03225806451612903,58.806451612903224,56.354838709677416,12.806451612903226,,,,0.0,,0.06451612903225806,289.96774193548384,0.4090291731319224,32.54838709677419,1.1321360540488175,-4.0
uc_irvine_anteaters,0.53125,0.0,67.03125,60.8125,13.8125,,,,,,0.125,,0.428250506968325,37.96875,0.9160445307275509,-4.65625
gonzaga_bulldogs,0.78125,0.125,69.3125,55.75,20.5,,,,,,0.0625,884.25,0.4719054317545781,40.625,1.0204629115402142,-3.65625
hawaii_rainbow_wahine,0.7931034482758621,0.10344827586206896,64.44827586206897,62.96551724137931,11.310344827586206,,,,,,0.13793103448275862,2024.8275862068965,0.4504728586543381,35.86206896551724,0.8098291586887189,-6.344827586206897
saint_josephs_hawks,0.9333333333333333,0.03333333333333333,58.266666666666666,59.96666666666667,9.133333333333333,,,,,,0.0,342.8666666666667,0.43055657127807323,33.4,0.9289437156697219,-5.433333333333334
maryland_eastern_shore_hawks,0.48,0.12,63.6,62.44,,,,,,,-0.08,,0.411864094403247,42.64,0.7500736205539275,-9.88
quinnipiac_bobcats,0.5161290322580645,0.0,67.6774193548387,59.516129032258064,15.129032258064516,,,,0.0,,-0.03225806451612903,106.6774193548387,0.43859752208866615,39.25806451612903,0.8514432429536382,-3.935483870967742
hartford_hawks,0.8666666666666667,0.06666666666666667,54.06666666666667,71.56666666666666,3.6,,,,,,-0.06666666666666667,259.2,0.38312132697538664,34.36666666666667,0.5492479853718917,-6.766666666666667
central_michigan_chippewas,0.9285714285714286,0.0,59.67857142857143,72.10714285714286,4.25,,,,0.0,,0.0,216.03571428571428,0.39083394164441315,35.964285714285715,0.6645834826078634,-9.25
marist_red_foxes,0.8620689655172413,0.06896551724137931,52.689655172413794,60.275862068965516,7.206896551724138,,,,0.0,,0.0,319.51724137931035,0.37456735053667417,33.44827586206897,0.6940637643971153,-1.2413793103448276
fairleigh_dickinson_knights,0.5,0.16666666666666666,61.56666666666667,56.6,13.466666666666667,,,,,,0.06666666666666667,72.06666666666666,0.43574182939040157,37.4,0.9140757448717808,-6.833333333333333
manhattan_jaspers,0.5625,0.0625,66.1875,61.28125,12.65625,,,,0.0,,-0.03125,176.0,0.43315538715573026,43.625,0.6872831695445148,-4.40625
fairfield_stags,0.3870967741935484,0.03225806451612903,65.06451612903226,56.54838709677419,15.451612903225806,,,,0.0,,-0.06451612903225806,239.06451612903226,0.4544595464587371,33.54838709677419,1.3646167641074258,-2.161290322580645
yale_bulldogs,1.2962962962962963,0.0,58.51851851851852,56.81481481481482,10.518518518518519,,,,0.0,,-0.2222222222222222,101.48148148148148,0.40482676316130056,38.851851851851855,0.7489450219227669,-5.851851851851852
unc_greensboro_spartans,0.8076923076923077,0.0,54.76923076923077,55.42307692307692,10.26923076923077,,,,,,-0.038461538461538464,,0.3930137545956234,37.76923076923077,0.5612296575289188,-4.961538461538462
gardner_webb_runnin_bulldogs,0.5483870967741935,0.22580645161290322,70.3225806451613,69.54838709677419,12.03225806451613,,,,0.0,,-0.0967741935483871,130.67741935483872,0.43377810945594375,36.03225806451613,0.7908856380293511,-6.129032258064516
coastal_carolina_chanticleers,0.7083333333333334,0.125,71.875,60.875,19.541666666666668,,,,,,0.20833333333333334,,0.45158176627866126,46.125,0.7245878106594917,-7.75
east_tennessee_state_bucs,0.48148148148148145,0.0,55.407407407407405,68.11111111111111,5.814814814814815,,,,0.0,,-0.1111111111111111,170.59259259259258,0.37517783825724776,33.851851851851855,0.7148015263985338,-6.2592592592592595
mcneese_cowgirls,0.42857142857142855,0.17857142857142858,70.39285714285714,71.60714285714286,13.035714285714286,,,,,,-0.21428571428571427,,0.426611317935667,40.535714285714285,0.7650800703416538,-8.464285714285714
louisiana_ragin_cajuns,0.72,0.08,66.88,57.88,15.76,,,,,,0.08,,0.47415364985874026,35.84,0.7125304058400035,-6.28
little_rock_trojans,0.5555555555555556,0.1111111111111111,60.888888888888886,57.51851851851852,12.11111111111111,,,,,,-0.037037037037037035,,0.4241208096917621,36.55555555555556,0.8191446993701672,-6.666666666666667
oral_roberts_golden_eagles,0.3548387096774194,0.0,65.83870967741936,65.0,11.580645161290322,,,,,,-0.03225806451612903,,0.4378422987921964,37.225806451612904,0.8136350702240047,-2.7096774193548385
arkansas_state_red_wolves,0.35714285714285715,0.10714285714285714,77.57142857142857,73.03571428571429,14.75,,,,,,-0.10714285714285714,,0.455469538763718,39.5,0.994766675226096,-8.285714285714286
abilene_christian_wildcats,0.6,0.26666666666666666,73.86666666666666,66.6,16.9,,,,,,0.03333333333333333,,0.4659179744081265,34.03333333333333,1.2770497606968196,-6.366666666666666
longwood_lancers,0.625,0.03125,71.53125,67.21875,15.5625,,,,0.0,,-0.09375,336.0625,0.4488632246696078,36.5625,0.8508154594499703,-2.78125
lamar_cardinals,0.7142857142857143,0.10714285714285714,62.392857142857146,60.964285714285715,10.857142857142858,,,,,,0.03571428571428571,,0.44823984405379447,35.107142857142854,0.8821425885100699,-6.714285714285714
central_connecticut_blue_devils,0.6153846153846154,0.19230769230769232,58.30769230769231,67.6923076923077,6.153846153846154,,,,,,-0.15384615384615385,111.6923076923077,0.3906869710978805,34.19230769230769,0.6531316200073641,-6.769230769230769
alabama_crimson_tide,0.7,0.1,70.53333333333333,65.13333333333334,16.4,,,,-0.1,,0.26666666666666666,190.93333333333334,0.4480076630457049,37.333333333333336,0.7372577341208719,-5.0
bethune_cookman_wildcats,1.16,0.36,59.28,71.64,5.96,,,,,,-0.2,,0.41176511881372063,35.88,0.5090416070752992,-7.12
arkansas_razorbacks,0.41935483870967744,0.06451612903225806,73.74193548387096,65.70967741935483,16.161290322580644,,,,-0.03225806451612903,,0.1935483870967742,351.64516129032256,0.43546087065805594,37.903225806451616,1.1772429999896794,-4.129032258064516
belmont_bruins,0.4482758620689655,0.0,69.48275862068965,55.51724137931034,19.689655172413794,,,,0.0,,-0.10344827586206896,176.79310344827587,0.44131739075691384,35.06896551724138,1.3089481586465677,-1.3793103448275863
butler_bulldogs,0.9642857142857143,0.0,55.57142857142857,77.89285714285714,2.5714285714285716,,,,0.0,,0.25,251.14285714285714,0.391530343005548,33.357142857142854,0.569749971393951,-7.5
iu_indianapolis_jaguars,1.0714285714285714,0.0,70.42857142857143,55.67857142857143,19.642857142857142,,,,,,0.07142857142857142,172.92857142857142,0.4785424780694313,38.892857142857146,0.9403925981467783,-3.892857142857143
milwaukee_panthers,0.7586206896551724,0.0,58.758620689655174,59.58620689655172,9.931034482758621,,,804.0344827586207,0.0,,-0.10344827586206896,255.41379310344828,0.4348812877989776,35.41379310344828,0.8110132932183866,-5.724137931034483
northern_illinois_huskies,0.6896551724137931,0.2413793103448276,66.65517241379311,69.24137931034483,11.517241379310345,,,,0.034482758620689655,,-0.034482758620689655,267.41379310344826,0.4231610200292169,41.689655172413794,0.7859661475105727,-5.172413793103448
cleveland_state_vikings,0.9259259259259259,0.18518518518518517,70.18518518518519,59.96296296296296,17.14814814814815,,,,,,0.1111111111111111,,0.45106125600833635,40.888888888888886,0.7734754297000189,-1.1481481481481481
long_island_university_sharks,0.48148148148148145,0.037037037037037035,55.55555555555556,62.851851851851855,6.0,,,,,,-0.25925925925925924,187.33333333333334,0.3755561437164314,36.407407407407405,0.6059970153286885,-6.407407407407407
siu_edwardsville_cougars,0.3870967741935484,0.16129032258064516,69.29032258064517,74.61290322580645,9.35483870967742,,,580.0967741935484,0.0,,0.03225806451612903,168.19354838709677,0.446209849330311,35.645161290322584,0.7714965669552967,-5.67741935483871
purdue_fort_wayne_mastodons,0.7142857142857143,0.07142857142857142,60.142857142857146,65.75,9.785714285714286,,,,,,-0.07142857142857142,,0.4074815690018685,31.928571428571427,0.9184143631090328,-6.607142857142857
campbell_fighting_camels,0.7931034482758621,0.034482758620689655,64.51724137931035,53.793103448275865,19.275862068965516,,,,,,0.034482758620689655,,0.4366149469737153,34.827586206896555,1.0192288463291894,-2.689655172413793
east_carolina_pirates,0.8571428571428571,0.32142857142857145,60.535714285714285,59.214285714285715,13.285714285714286,,,,0.0,,-0.03571428571428571,521.2142857142857,0.39137206265537056,37.142857142857146,0.770586147700104,-2.8214285714285716
kansas_city_roos,0.7419354838709677,0.0,72.03225806451613,65.35483870967742,13.580645161290322,,,,,,0.03225806451612903,,0.4673172020382565,38.354838709677416,1.070240445806992,-6.645161290322581
ut_arlington_mavericks,0.4074074074074074,0.07407407407407407,69.96296296296296,66.03703703703704,13.333333333333334,,,978.3703703703703,-0.07407407407407407,,0.037037037037037035,504.51851851851853,0.4589783465450838,37.81481481481482,1.0779101556879331,-4.925925925925926
old_dominion_monarchs,0.5483870967741935,0.1935483870967742,63.83870967741935,55.645161290322584,14.483870967741936,,,,,,0.0,,0.41973903575592025,37.32258064516129,0.7985147758629729,-3.870967741935484
stetson_hatters,0.6774193548387096,0.0,63.96774193548387,56.54838709677419,16.451612903225808,,,,,,-0.06451612903225806,,0.4378372030782714,38.193548387096776,0.7871365419260656,-4.612903225806452
colorado_buffaloes,0.6333333333333333,0.1,65.36666666666666,56.833333333333336,15.766666666666667,,,,,,0.16666666666666666,479.23333333333335,0.43654121378382393,36.36666666666667,1.0086228560442114,-2.933333333333333
wisconsin_badgers,0.6896551724137931,0.0,57.89655172413793,67.17241379310344,5.689655172413793,,,,0.0,,0.10344827586206896,309.44827586206895,0.42071264034268874,29.724137931034484,0.8638234505294398,-6.137931034482759
utah_utes,0.9032258064516129,0.3225806451612903,76.03225806451613,67.87096774193549,17.774193548387096,,,,,,0.16129032258064516,,0.4687443677243878,38.935483870967744,1.0475175877330796,-6.935483870967742
eastern_illinois_panthers,0.6,0.0,67.93333333333334,65.5,12.333333333333334,,,,,,0.0,,0.4510048312096738,34.833333333333336,0.9997615315366697,-5.2
portland_pilots,0.7241379310344828,0.06896551724137931,71.10344827586206,61.58620689655172,16.586206896551722,,,,,,0.13793103448275862,,0.45345732434585934,37.41379310344828,1.1543444455879301,-2.5517241379310347
evergreen_state_geoducks,1.0,0.0,43.5,99.0,0.0,,,,,,0.0,,0.31630434782608696,31.0,0.45512820512820507,0.0
texas_tech_lady_raiders,0.9230769230769231,0.07692307692307693,67.8076923076923,68.38461538461539,9.461538461538462,,,,0.0,,0.15384615384615385,376.61538461538464,0.4809154192562939,36.57692307692308,0.7943934932831099,-7.846153846153846
new_mexico_lobos,0.3,0.16666666666666666,76.36666666666666,68.63333333333334,16.066666666666666,,,,-0.03333333333333333,,0.1,460.6,0.46445741251569533,36.86666666666667,1.3364068088487597,-0.6
unc_asheville_bulldogs,0.53125,0.15625,61.53125,66.40625,8.84375,,,,,,-0.15625,,0.4050303154697212,35.34375,0.7668409749914663,-8.6875
app_state_mountaineers,0.92,0.12,69.12,68.12,12.92,,,,,,0.0,,0.41257067750495297,37.84,0.6507701390907112,-5.88
cornell_big_red,1.125,0.16666666666666666,53.833333333333336,61.041666666666664,7.125,,,,,,-0.125,,0.3842798808570995,36.75,0.7054942932012525,-6.375
lafayette_leopards,1.0,0.13333333333333333,54.53333333333333,58.56666666666667,6.666666666666667,,,361.1333333333333,0.0,,0.0,115.33333333333333,0.40431090995072094,36.8,0.6752246391634553,-4.833333333333333
st_bonaventure_bonnies,0.7857142857142857,0.07142857142857142,58.32142857142857,62.32142857142857,7.5,,,,,,0.07142857142857142,,0.42252981872713613,34.0,0.6009773297911122,-5.392857142857143
clarion_golden_eagles,1.0,0.0,46.0,85.0,2.5,,,,,,0.0,,0.3219696969696969,32.5,0.44166666666666665,-5.0
michigan_state_spartans,0.7241379310344828,0.10344827586206896,70.13793103448276,66.51724137931035,12.827586206896552,,,,,,0.13793103448275862,322.0344827586207,0.46656898922044515,37.0,1.1481292877377536,-5.862068965517241
george_mason_patriots,0.6896551724137931,0.034482758620689655,58.6551724137931,65.65517241379311,6.827586206896552,,,,,,-0.06896551724137931,209.41379310344828,0.4039592715879127,36.3448275862069,0.6637423541770209,-7.689655172413793
rice_owls,0.6153846153846154,0.15384615384615385,67.5,66.11538461538461,12.23076923076923,,,,,,0.19230769230769232,,0.439458255020135,39.46153846153846,0.7563877703864711,-6.730769230769231
st_edwards_hilltoppers,0.5,0.0,40.5,88.0,1.0,,,,,,0.0,,0.33940074906367035,31.0,0.2146153846153846,-13.0
minnesota_golden_gophers,0.6,0.06666666666666667,69.86666666666666,71.9,9.866666666666667,,,,,,0.13333333333333333,616.1,0.4503837878624933,36.8,0.9424294736910838,-6.733333333333333
utsa_roadrunners,1.103448275862069,0.20689655172413793,53.793103448275865,66.0,4.655172413793103,,,,0.0,,-0.034482758620689655,540.8275862068965,0.37546595527553434,41.793103448275865,0.48670881691085416,-10.275862068965518
tennessee_state_lady_tigers,0.7333333333333333,0.23333333333333334,63.3,69.03333333333333,8.366666666666667,,,,,,-0.13333333333333333,190.66666666666666,0.4273609185123389,32.266666666666666,0.6141702769396897,-4.833333333333333
western_kentucky_lady_toppers,0.896551724137931,0.0,70.86206896551724,69.86206896551724,11.172413793103448,,,,,,0.034482758620689655,,0.4337379877151329,38.10344827586207,0.7511451481323859,-6.310344827586207
coppin_state_eagles,0.6538461538461539,0.15384615384615385,61.65384615384615,63.92307692307692,10.615384615384615,,,,,,-0.19230769230769232,156.6153846153846,0.3993492813214363,39.15384615384615,0.7261092249485319,-5.423076923076923
st_francis_pa_red_flash,1.5666666666666667,0.1,54.233333333333334,65.86666666666666,5.4,,,,,,-0.26666666666666666,250.83333333333334,0.41160119494024483,36.03333333333333,0.6567382624319091,-8.533333333333333
millersville_marauders,0.5,0.5,42.5,84.5,0.0,,,,,,0.0,,0.3917025003981526,27.0,0.22413793103448276,-20.0
bryant_bulldogs,0.875,0.15625,56.46875,63.25,9.78125,,,,,,-0.09375,,0.42397654821701314,36.09375,0.7756853702000781,-6.0
holy_cross_crusaders,0.26666666666666666,0.13333333333333333,60.1,55.766666666666666,12.233333333333333,,,,,,0.1,,0.41970150455549576,38.2,0.860915180450784,-3.966666666666667
grambling_lady_tigers,0.5714285714285714,0.19047619047619047,59.04761904761905,72.04761904761905,4.428571428571429,,,,-0.09523809523809523,,-0.6666666666666666,733.3333333333334,0.39626248334989683,31.904761904761905,0.6406441292652184,-8.857142857142858
unlv_lady_rebels,0.28125,0.28125,75.5625,64.46875,16.375,,,,0.0,,0.1875,344.1875,0.48692086393520434,40.25,1.0937671213321851,-4.96875
providence_friars,0.8333333333333334,0.0,59.9,63.86666666666667,9.4,,,,0.0,,0.16666666666666666,305.73333333333335,0.42657645434023617,38.36666666666667,0.5982981012944669,-2.966666666666667
monmouth_hawks,0.7666666666666667,0.03333333333333333,59.2,61.56666666666667,8.2,,,,0.0,,-0.03333333333333333,106.56666666666666,0.397252616957093,37.833333333333336,0.6797429580069129,-5.2
mars_hill_mountain_lions,1.3333333333333333,0.0,43.0,81.0,0.3333333333333333,,,,,,0.0,,0.3385225885225885,25.0,0.32916666666666666,-5.0
south_carolina_upstate_spartans,0.7407407407407407,0.0,66.88888888888889,58.333333333333336,17.074074074074073,,,,,,-0.1111111111111111,,0.47414791103772247,32.44444444444444,0.9566055622256173,-5.481481481481482
bowling_green_falcons,0.5666666666666667,0.16666666666666666,72.7,69.06666666666666,12.866666666666667,,,,,,0.06666666666666667,,0.4760986960661965,34.56666666666667,0.9953729311624049,-6.0
miami_oh_redhawks,0.3793103448275862,0.034482758620689655,67.37931034482759,72.17241379310344,6.379310344827586,,,,0.0,,-0.034482758620689655,151.89655172413794,0.4188967084405717,37.03448275862069,0.7674521289576918,-8.482758620689655
loyola_chicago_ramblers,0.8333333333333334,0.1,59.733333333333334,55.7,12.766666666666667,,,,,,-0.06666666666666667,,0.4193693544841412,37.43333333333333,0.9345618088481864,-5.2
william_carey_crusaders,0.5,0.0,35.0,70.0,1.0,,,,,,0.0,,0.31931818181818183,31.0,0.21240601503759388,-9.0
southern_miss_lady_eagles,0.5666666666666667,0.0,66.7,64.03333333333333,12.4,,,,,,0.0,,0.4627983620725226,39.63333333333333,0.8571488301951129,-7.033333333333333
rider_broncs,1.1333333333333333,0.06666666666666667,58.266666666666666,63.7,8.1,,,,0.0,,-0.06666666666666667,124.73333333333333,0.4212261382958523,32.43333333333333,0.7380344741631591,-2.4
columbia_lions,0.4642857142857143,0.07142857142857142,68.75,61.642857142857146,13.892857142857142,,,,0.0,,0.0,167.60714285714286,0.4236280437538938,42.57142857142857,0.8994709289158046,-5.857142857142857
lehigh_mountain_hawks,0.5333333333333333,0.0,69.0,60.13333333333333,16.3,,,,,,0.03333333333333333,,0.4169894690901634,39.13333333333333,1.1379902042402041,-0.8
missouri_tigers,0.9333333333333333,0.1,70.3,66.93333333333334,12.866666666666667,,,,0.0,,0.06666666666666667,389.96666666666664,0.478827462943554,36.1,0.9024326789767966,-8.533333333333333
south_alabama_jaguars,0.8846153846153846,0.19230769230769232,60.80769230769231,69.23076923076923,7.730769230769231,,,,,,-0.07692307692307693,,0.38168367305121864,33.80769230769231,0.7661831707098439,-6.3076923076923075
alabama_state_lady_hornets,1.1724137931034482,0.2413793103448276,64.03448275862068,68.48275862068965,11.172413793103448,,,,,,-0.1724137931034483,,0.4328041036888508,39.96551724137931,0.681312493315768,-9.89655172413793
vermont_catamounts,0.8333333333333334,0.0,61.96666666666667,55.0,15.3,,,597.8333333333334,0.0,,0.1,163.53333333333333,0.4433055811291755,33.7,1.0019431385607855,-2.433333333333333
brown_bears,0.8846153846153846,0.0,56.65384615384615,67.3076923076923,7.769230769230769,,,,,,-0.15384615384615385,,0.38389983648278797,33.96153846153846,0.6805754210330897,-2.269230769230769
south_carolina_gamecocks,0.7096774193548387,0.0,71.29032258064517,51.67741935483871,25.193548387096776,,,,-0.1935483870967742,,0.12903225806451613,457.64516129032256,0.4622838880639006,47.645161290322584,1.0015520020009834,0.3870967741935484
north_carolina_at_aggies,0.56,0.04,67.88,67.76,11.84,,,,,,-0.16,296.16,0.447758375341212,35.92,0.9229565804921843,-4.52
north_alabama_lions,0.896551724137931,0.20689655172413793,68.86206896551724,68.37931034482759,13.275862068965518,,,,,,-0.034482758620689655,,0.43550025177495943,34.96551724137931,1.000252274854254,-5.827586206896552
freed_hardeman_lions,2.0,0.0,71.0,62.0,10.0,,,,,,0.0,,0.4941176470588235,32.0,0.7857142857142857,1.0
saint_peters_peacocks,0.8709677419354839,0.16129032258064516,59.0,60.83870967741935,8.516129032258064,,,,0.0,,-0.03225806451612903,76.25806451612904,0.4089587717593147,39.58064516129032,0.5963542980021559,-7.193548387096774
morgan_state_lady_bears,0.5909090909090909,0.45454545454545453,62.5,57.40909090909091,14.954545454545455,,,,,,-0.18181818181818182,,0.4018203113969088,39.0,0.6767211134528187,-4.318181818181818
western_carolina_catamounts,1.2857142857142858,0.03571428571428571,52.357142857142854,60.92857142857143,7.642857142857143,,,,,,0.10714285714285714,,0.38853581017450683,35.57142857142857,0.5483408229424831,-7.464285714285714
chattanooga_mocs,0.8275862068965517,0.0,60.55172413793103,68.75862068965517,6.379310344827586,,,,0.0,,0.0,120.0,0.42139138528553965,33.89655172413793,0.73557118181209,-8.206896551724139
uab_blazers,0.8214285714285714,0.07142857142857142,66.75,64.03571428571429,11.142857142857142,,,,,,0.03571428571428571,,0.4576469821368269,40.357142857142854,0.7675430763630604,-8.214285714285714
wichita_state_shockers,0.4666666666666667,0.13333333333333333,64.06666666666666,62.93333333333333,12.266666666666667,,,,0.0,,0.03333333333333333,485.0,0.4278130778316856,42.06666666666667,0.7366997639350077,-4.033333333333333
northwestern_state_lady_demons,0.375,0.20833333333333334,62.666666666666664,63.875,10.875,,,,,,-0.16666666666666666,,0.41619833619786145,38.541666666666664,0.6050623515639556,-4.666666666666667
incarnate_word_cardinals,1.0344827586206897,0.034482758620689655,57.96551724137931,59.793103448275865,8.482758620689655,,,,,,-0.034482758620689655,,0.41145847195639723,35.51724137931034,0.6201411544425991,-5.344827586206897
western_illinois_leathernecks,0.4482758620689655,0.10344827586206896,70.79310344827586,71.93103448275862,13.275862068965518,,,,,,0.0,,0.4286879858626258,35.241379310344826,1.0161480495472168,-2.0
uic_flames,0.9615384615384616,0.11538461538461539,53.26923076923077,68.03846153846153,3.1538461538461537,,,,0.0,,0.0,191.80769230769232,0.40754947170427946,28.692307692307693,0.5546782324156291,-6.6923076923076925
omaha_mavericks,1.0769230769230769,0.11538461538461539,57.23076923076923,65.0,7.230769230769231,,,,,,-0.11538461538461539,,0.4271729642756902,33.0,0.6750677764839393,-6.884615384615385
kansas_state_wildcats,0.3225806451612903,0.0967741935483871,66.90322580645162,60.38709677419355,16.322580645161292,,,,0.0,,0.12903225806451613,328.7096774193548,0.44352657639253595,36.58064516129032,1.3441048056144627,-2.7419354838709675
north_dakota_state_bison,0.5862068965517241,0.10344827586206896,64.20689655172414,65.89655172413794,10.793103448275861,,,,,,-0.06896551724137931,,0.4467659360314446,34.37931034482759,0.6911705976539272,-9.0
detroit_mercy_titans,0.5555555555555556,0.07407407407407407,55.333333333333336,68.81481481481481,2.5555555555555554,,,,0.0,,0.037037037037037035,161.25925925925927,0.40597529221811124,35.51851851851852,0.5546168138150059,-6.444444444444445
akron_zips,0.5,0.14285714285714285,67.42857142857143,66.71428571428571,11.535714285714286,,,,,,-0.10714285714285714,,0.4503045996533067,35.714285714285715,1.0906455522748093,-4.892857142857143
elon_phoenix,1.2413793103448276,0.0,62.3448275862069,62.275862068965516,11.344827586206897,,,,0.0,,0.0,195.58620689655172,0.43330502627309586,34.55172413793103,0.7295385139085389,-6.586206896551724
north_carolina_central_eagles,0.55,0.3,60.95,71.5,7.7,,,,,,-0.2,,0.38943631828343644,40.0,0.5557406935668572,-7.95
davidson_wildcats,0.5333333333333333,0.13333333333333333,62.6,61.2,10.033333333333333,,,,,,-0.03333333333333333,328.56666666666666,0.4340734284072785,34.333333333333336,0.7623385839879648,-9.0
virginia_tech_hokies,0.34375,0.03125,70.5,57.625,19.9375,,,,,,0.03125,341.34375,0.46814280336228775,36.40625,1.1428237195918118,-6.34375
delaware_state_hornets,1.8181818181818181,0.22727272727272727,46.45454545454545,76.45454545454545,2.1363636363636362,,,,0.0,,-0.13636363636363635,157.54545454545453,0.38036321891289826,33.90909090909091,0.37038651017870444,-6.681818181818182
towson_tigers,0.36666666666666664,0.6333333333333333,74.46666666666667,61.06666666666667,19.566666666666666,,,,,,0.0,,0.4311407865516663,44.9,0.9513646184969715,-2.9
william_mary_tribe,1.037037037037037,0.0,56.370370370370374,63.851851851851855,9.148148148148149,,,,,,-0.037037037037037035,,0.4188267123727401,31.88888888888889,0.7005749620858454,-6.37037037037037
hampton_lady_pirates,0.7857142857142857,0.10714285714285714,58.57142857142857,64.14285714285714,8.5,,,,0.0,,-0.07142857142857142,211.53571428571428,0.4153778529262683,34.5,0.6842621833791455,-7.035714285714286
arkansas_baptist_buffaloes,0.0,0.0,27.0,96.0,0.0,,,,,,0.0,,0.2162162162162162,24.0,0.2142857142857142,-6.0
arkansas_pine_bluff_golden_lions,0.32,0.16,69.6,68.4,12.48,,,,,,-0.12,,0.4315040931680428,41.32,0.9267770223808587,-6.2
florida_am_rattlers,1.6956521739130435,0.0,53.47826086956522,73.78260869565217,3.1739130434782608,,,,,,-0.21739130434782608,,0.376610423242083,36.65217391304348,0.46801717577974583,-10.434782608695652
ohio_bobcats,0.4827586206896552,0.06896551724137931,73.86206896551724,71.10344827586206,12.137931034482758,,,,,,-0.034482758620689655,,0.43181234831827375,37.55172413793103,0.9586306316129101,-3.8275862068965516
arlington_baptist_patriots,1.25,0.0,36.5,116.25,0.5,,,,,,0.0,,0.27649912324752407,26.5,0.305768280632411,-7.75
texas_state_bobcats,0.5357142857142857,0.14285714285714285,68.35714285714286,65.21428571428571,14.25,,,,,,-0.17857142857142858,,0.45045871639719864,37.392857142857146,1.0016944828195187,-6.428571428571429
valparaiso_beacons,1.7,0.03333333333333333,60.06666666666667,67.23333333333333,6.166666666666667,,,,0.0,,-0.1,199.0,0.4384445305969289,28.366666666666667,0.7536197300075906,-6.3
western_michigan_broncos,0.8,0.06666666666666667,65.03333333333333,63.06666666666667,12.4,,,,,,-0.16666666666666666,,0.42891897514214217,33.53333333333333,0.8272643910670225,-4.4
north_florida_ospreys,0.5,0.0,65.56666666666666,62.233333333333334,14.833333333333334,,,,,,-0.23333333333333334,,0.4346832287922684,35.7,0.8820330516863024,-4.966666666666667
auburn_tigers,0.7857142857142857,0.14285714285714285,63.714285714285715,65.89285714285714,9.964285714285714,,,,0.0,,0.10714285714285714,271.64285714285717,0.4264739648517338,36.17857142857143,0.7216565038440097,-6.678571428571429
siena_saints,0.7586206896551724,0.10344827586206896,57.96551724137931,60.206896551724135,7.655172413793103,,,,0.0,,-0.06896551724137931,135.13793103448276,0.40111733299277746,37.310344827586206,0.6024136434166326,-6.9655172413793105
vanderbilt_commodores,0.8125,0.09375,62.71875,62.53125,12.59375,,,,-0.09375,,0.15625,461.3125,0.4223083751200831,35.59375,0.8033741728848636,-3.78125
wofford_terriers,0.5714285714285714,0.10714285714285714,66.78571428571429,61.357142857142854,,,,,,,-0.03571428571428571,,0.405409718004829,36.857142857142854,0.9682688713137078,-4.321428571428571
high_point_panthers,0.41379310344827586,0.10344827586206896,63.55172413793103,57.96551724137931,14.793103448275861,,,,,,-0.034482758620689655,,0.4052464882333583,33.275862068965516,1.141405196940587,-5.344827586206897
evansville_purple_aces,0.23333333333333334,0.06666666666666667,66.06666666666666,75.56666666666666,7.133333333333334,,,,,,-0.06666666666666667,,0.4255863769383415,34.53333333333333,0.7613844338558297,-8.066666666666666
austin_peay_governors,0.9666666666666667,0.13333333333333333,66.06666666666666,59.5,15.566666666666666,,,,,,-0.06666666666666667,,0.4808521568398497,34.333333333333336,0.8637452319589048,-8.333333333333334
sam_houston_bearkats,0.6,0.1,67.26666666666667,69.16666666666667,11.8,,,,,,-0.06666666666666667,,0.4537010829327851,39.36666666666667,0.5656666964134547,-8.066666666666666
memphis_tigers,0.8518518518518519,0.2962962962962963,62.55555555555556,61.74074074074074,10.592592592592593,,,,-0.1111111111111111,,0.07407407407407407,503.1111111111111,0.4359843991872689,39.111111111111114,0.6643972084201778,-4.925925925925926
oklahoma_sooners,0.21875,0.0625,83.3125,76.03125,15.40625,,,,-0.03125,,0.15625,434.34375,0.4738228585171409,40.9375,1.0085490551026057,-6.46875
smu_mustangs,0.5714285714285714,0.07142857142857142,60.642857142857146,60.92857142857143,10.857142857142858,,,,-0.21428571428571427,,0.07142857142857142,392.89285714285717,0.41610583312298444,38.67857142857143,1.052448455852286,-3.5
dayton_flyers,0.4230769230769231,0.15384615384615385,65.8076923076923,54.11538461538461,17.153846153846153,,,,,,0.0,442.6923076923077,0.4372633592757318,42.19230769230769,1.038905430357264,-5.346153846153846
morehead_state_eagles,0.7857142857142857,0.07142857142857142,52.5,72.92857142857143,3.75,,,,,,-0.10714285714285714,,0.3667495876101309,31.5,0.6266988629610675,-6.964285714285714
baylor_bears,0.24242424242424243,0.3333333333333333,77.0,60.484848484848484,22.818181818181817,,,,-0.06060606060606061,,0.12121212121212122,554.0909090909091,0.4881629542336357,39.333333333333336,1.5894809829668919,-4.0606060606060606
cal_state_bakersfield_roadrunners,0.88,0.08,61.2,65.56,8.8,,,,,,0.08,,0.41896772221251893,34.96,0.7685053251191357,-8.72
pepperdine_waves,0.30434782608695654,0.17391304347826086,59.26086956521739,67.26086956521739,7.6521739130434785,,,,0.0,,0.08695652173913043,335.2608695652174,0.41244974587849353,35.52173913043478,0.7596716011139217,-5.260869565217392
warner_pacific_knights,1.0,0.0,50.666666666666664,82.33333333333333,1.3333333333333333,,,,,,0.0,,0.34409736967002225,32.666666666666664,0.5888888888888889,-3.6666666666666665
charleston_cougars,0.26666666666666666,0.06666666666666667,74.83333333333333,66.36666666666666,17.0,,,,,,-0.06666666666666667,,0.4249859450076527,38.8,1.1197603870830415,0.3333333333333333
san_jose_state_spartans,0.5333333333333333,0.23333333333333334,60.13333333333333,77.16666666666667,5.833333333333333,,,,,,-0.1,,0.3983384139395683,33.06666666666667,0.8148599034837426,-5.166666666666667
saint_marys_gaels,0.896551724137931,0.10344827586206896,69.03448275862068,72.72413793103448,9.517241379310345,,,,,,0.0,494.44827586206895,0.44778710734011795,39.62068965517241,0.7685827897066574,-10.241379310344827
dartmouth_big_green,0.9615384615384616,0.038461538461538464,47.0,65.03846153846153,3.730769230769231,,,,,,-0.15384615384615385,354.0769230769231,0.33631545803210955,35.42307692307692,0.505392544497391,-7.153846153846154
lindenwood_lions,0.0,0.0,30.0,86.0,0.0,,,137.0,0.0,,-1.0,214.0,0.2467532467532467,25.0,0.3,-12.0
la_salle_explorers,0.4642857142857143,0.17857142857142858,65.35714285714286,63.535714285714285,10.5,,,,0.0,,0.10714285714285714,107.64285714285714,0.4179160621137611,33.892857142857146,0.9748705929433481,-4.107142857142857
pennsylvania_quakers,0.28,0.0,64.8,59.92,15.56,,,,,,-0.04,,0.40969571014216766,40.72,0.9292160874183623,-2.8
murray_state_racers,0.9,0.0,73.46666666666667,62.1,18.733333333333334,,,,,,-0.06666666666666667,,0.5235745849348697,40.0,1.0761356263562145,-3.9
southeast_missouri_state_redhawks,0.3448275862068966,0.06896551724137931,60.793103448275865,71.79310344827586,7.241379310344827,,,,,,0.034482758620689655,,0.4186908610659029,34.6551724137931,0.729436390364301,-6.931034482758621
southern_illinois_salukis,0.9333333333333333,0.06666666666666667,63.166666666666664,56.06666666666667,14.533333333333333,,,,,,-0.2,,0.45060057528849334,35.4,1.032525897018931,-4.333333333333333
georgetown_hoyas,0.7241379310344828,0.0,60.10344827586207,67.93103448275862,8.655172413793103,,,,,,0.13793103448275862,,0.4122056701737047,37.48275862068966,0.72967366103605,-5.068965517241379
harvard_crimson,0.37037037037037035,0.0,70.92592592592592,67.37037037037037,15.481481481481481,,,,,,-0.18518518518518517,394.7037037037037,0.405956232236415,36.851851851851855,1.2746905237101318,-3.740740740740741
merrimack_warriors,1.0384615384615385,0.07692307692307693,64.15384615384616,70.57692307692308,8.884615384615385,,,,,,-0.07692307692307693,,0.42234756031426657,35.88461538461539,0.7981056623313709,-7.461538461538462
young_harris_college_mountain_lions,0.0,0.0,58.0,91.0,0.0,,,,,,0.0,,0.4320987654320987,31.0,0.5789473684210527,-13.0
pittsburgh_panthers,0.8275862068965517,0.13793103448275862,61.689655172413794,64.82758620689656,9.10344827586207,,,,,,0.13793103448275862,427.9655172413793,0.40620646667825094,44.03448275862069,0.6588044413390217,-5.448275862068965
ohio_state_buckeyes,0.20689655172413793,0.13793103448275862,79.17241379310344,65.93103448275862,20.724137931034484,,,,,,0.1724137931034483,316.58620689655174,0.4834567686041453,36.310344827586206,1.220816331638494,-4.068965517241379
purdue_boilermakers,0.42857142857142855,0.0,69.5,67.57142857142857,12.714285714285714,,,,0.0,,0.17857142857142858,174.46428571428572,0.44459800481944234,35.642857142857146,1.0611826569879472,-6.357142857142857
georgia_tech_yellow_jackets,0.5483870967741935,0.06451612903225806,61.03225806451613,51.87096774193548,16.419354838709676,,,,0.0,,0.0967741935483871,291.741935483871,0.4235962832456057,38.935483870967744,1.2277680340978485,-3.032258064516129
north_carolina_tar_heels,0.4444444444444444,0.14814814814814814,74.29629629629629,55.851851851851855,26.814814814814813,,,,,,0.07407407407407407,,0.44457916550236476,43.55555555555556,1.0686060612488202,-2.1481481481481484
wake_forest_demon_deacons,0.5333333333333333,0.03333333333333333,65.0,63.3,12.8,,,,0.0,,0.26666666666666666,168.66666666666666,0.4266696302797059,38.233333333333334,0.7362625318151635,-6.933333333333334
florida_gators,0.45161290322580644,0.16129032258064516,68.51612903225806,64.61290322580645,12.483870967741936,,,2480.451612903226,-0.03225806451612903,,0.0967741935483871,547.3548387096774,0.44281019825532103,39.32258064516129,0.76183121993251,-7.258064516129032
oakwood_ambassadors,1.0,0.0,32.0,101.0,0.0,,,,,,0.0,,0.2727272727272727,26.0,0.0833333333333333,-12.0
njit_highlanders,1.4,0.06666666666666667,56.7,60.0,7.6,,,540.2333333333333,0.0,,-0.13333333333333333,204.76666666666668,0.42475910802230693,35.9,0.5195624617804699,-6.833333333333333
umbc_retrievers,1.1538461538461537,0.0,54.11538461538461,65.34615384615384,5.269230769230769,,,,,,-0.2692307692307692,,0.413207497746796,32.11538461538461,0.5691691548566116,-6.230769230769231
american_university_eagles,0.9354838709677419,0.0,60.03225806451613,56.03225806451613,10.741935483870968,,,,0.0,,0.12903225806451613,175.06451612903226,0.4438465894394318,31.870967741935484,0.9492249421225774,-4.516129032258065
asbury_eagles,0.0,0.0,40.0,79.0,3.0,,,,,,0.0,,0.2016129032258064,39.0,0.4666666666666667,-7.0
binghamton_bearcats,0.39285714285714285,0.07142857142857142,58.357142857142854,58.214285714285715,11.071428571428571,,,,,,0.03571428571428571,,0.419557941167794,34.142857142857146,0.7548849755519923,-5.892857142857143
umass_lowell_river_hawks,1.0,0.4230769230769231,55.96153846153846,60.96153846153846,7.538461538461538,,,,0.0,,-0.11538461538461539,247.96153846153845,0.42007100973185396,33.15384615384615,0.5578991870053017,-7.0
oregon_ducks,0.5172413793103449,0.06896551724137931,70.51724137931035,61.48275862068966,16.20689655172414,,,,,,0.06896551724137931,919.6551724137931,0.45737425268562515,39.241379310344826,1.2501976608080483,-4.344827586206897
uc_davis_aggies,0.48148148148148145,0.0,61.888888888888886,58.55555555555556,13.703703703703704,,,,,,0.0,,0.42932973410525266,38.51851851851852,0.933617296442785,-5.2592592592592595
duquesne_dukes,1.0689655172413792,0.034482758620689655,63.827586206896555,64.55172413793103,9.793103448275861,,,,0.0,,0.06896551724137931,280.44827586206895,0.4236058186079518,35.206896551724135,1.0796413600179482,-5.758620689655173
canisius_golden_griffins,1.1666666666666667,0.06666666666666667,57.4,68.8,4.733333333333333,,,,0.0,,-0.06666666666666667,212.26666666666668,0.3873070496419224,32.9,0.5438352629930904,-5.466666666666667
buffalo_bulls,0.45454545454545453,0.36363636363636365,76.06060606060606,66.21212121212122,16.727272727272727,,,,-0.15151515151515152,,0.09090909090909091,374.75757575757575,0.46437261851805567,42.0,1.0408964294248013,-0.5151515151515151
niagara_purple_eagles,0.8,0.06666666666666667,69.86666666666666,73.16666666666667,9.0,,,,0.0,,-0.06666666666666667,241.3,0.4069593239288117,35.733333333333334,0.6265112071525788,-5.3
marquette_golden_eagles,0.5483870967741935,0.0,65.51612903225806,59.03225806451613,15.258064516129032,,,,0.0967741935483871,,0.0967741935483871,525.2258064516129,0.4565041324868402,40.58064516129032,1.2030826109969741,-3.129032258064516
alcorn_state_lady_braves,0.8571428571428571,0.35714285714285715,50.92857142857143,78.78571428571429,3.357142857142857,,,,0.0,,-0.7142857142857143,374.2857142857143,0.3673946118139317,29.0,0.42899699977550515,-14.642857142857142
radford_highlanders,0.6551724137931034,0.1724137931034483,58.44827586206897,66.86206896551724,9.0,,,,,,-0.13793103448275862,,0.4092840917347718,35.55172413793103,0.6894859365684675,-9.758620689655173
samford_bulldogs,0.9285714285714286,0.0,63.57142857142857,67.28571428571429,,,,,,,-0.07142857142857142,,0.43634388822345055,36.25,0.6907202390005305,-5.285714285714286
tcu_horned_frogs,0.4642857142857143,0.07142857142857142,60.32142857142857,73.42857142857143,5.035714285714286,,,2278.8928571428573,-0.10714285714285714,,0.14285714285714285,423.57142857142856,0.40737230204973185,34.892857142857146,0.8291863964167364,-9.178571428571429
se_louisiana_lady_lions,0.44,0.24,61.16,54.44,14.44,,,,,,-0.08,,0.42270485429351445,37.32,0.8517997980691482,-4.24
mississippi_state_bulldogs,0.7142857142857143,0.07142857142857142,71.35714285714286,68.46428571428571,13.5,,,,-0.03571428571428571,,0.21428571428571427,217.28571428571428,0.43592151244767485,35.607142857142854,1.1656961272424557,-0.2857142857142857
new_orleans_privateers,0.8260869565217391,0.0,54.43478260869565,68.6086956521739,6.0,,,,,,-0.17391304347826086,,0.3833815059065898,33.26086956521739,0.5791203781461554,-9.304347826086957
chicago_state_cougars,0.875,0.041666666666666664,56.291666666666664,69.29166666666667,3.75,,,,,,-0.20833333333333334,979.2916666666666,0.39527588370910965,36.083333333333336,0.4307198500626719,-10.666666666666666
utah_state_aggies,0.36666666666666664,0.13333333333333333,68.6,76.43333333333334,5.433333333333334,,,,,,-0.06666666666666667,,0.42151758686889035,39.1,0.9025562078586377,-5.1
utah_tech_trailblazers,0.8620689655172413,0.034482758620689655,66.96551724137932,72.3103448275862,9.03448275862069,,,,,,-0.034482758620689655,,0.41821644493233084,37.172413793103445,0.9306780843558893,-7.137931034482759
east_stroudsburg_university_warriors,3.0,0.0,35.0,82.0,1.0,,,,,,0.0,,0.2857142857142857,39.0,0.2121212121212121,-10.0
ut_rio_grande_valley_vaqueros,0.6060606060606061,0.06060606060606061,60.878787878787875,65.42424242424242,7.757575757575758,,,,,,0.0,675.060606060606,0.4040446062142019,36.24242424242424,0.7968612633199383,-7.393939393939394
kansas_jayhawks,0.20689655172413793,0.10344827586206896,71.86206896551724,64.58620689655173,15.413793103448276,,,,-0.10344827586206896,,0.20689655172413793,340.1034482758621,0.48467996047326833,39.48275862068966,0.7335273548008705,-2.6551724137931036
grand_canyon_lopes,0.7,0.06666666666666667,64.4,60.166666666666664,13.366666666666667,,,,,,0.0,,0.42420527605493213,35.6,0.7239899408807741,-5.4
park_university_gilbert_buccaneers,0.3333333333333333,0.0,50.333333333333336,99.0,3.0,,,,,,0.0,,0.38558221142490806,32.666666666666664,0.31495098039215685,-7.0
kentucky_wildcats,0.4666666666666667,0.06666666666666667,72.5,65.53333333333333,15.566666666666666,,,,-0.1,,0.2,212.53333333333333,0.45391845042075063,37.36666666666667,1.2132059465875258,-2.3666666666666667
west_virginia_mountaineers,0.5357142857142857,0.17857142857142858,66.89285714285714,65.75,13.25,,,,-0.03571428571428571,,0.07142857142857142,739.2142857142857,0.43929497653958416,37.67857142857143,0.8650526121379726,-5.964285714285714
tennessee_lady_volunteers,0.5161290322580645,0.06451612903225806,69.93548387096774,60.193548387096776,17.032258064516128,,,,-0.22580645161290322,,0.16129032258064516,397.9032258064516,0.44018976798215276,47.935483870967744,0.8557505408151964,-3.2580645161290325
tennessee_tech_golden_eagles,0.8,0.0,65.9,61.0,13.6,,,,,,-0.06666666666666667,,0.459597090259879,36.43333333333333,1.0108021757535828,-4.433333333333334
cincinnati_bearcats,0.8214285714285714,0.10714285714285714,59.785714285714285,66.21428571428571,7.857142857142857,,,,,,0.17857142857142858,430.89285714285717,0.4196473001472289,35.357142857142854,0.8287589929523146,-6.607142857142857
vcu_rams,0.6086956521739131,0.0,60.95652173913044,58.47826086956522,10.434782608695652,,,,0.0,,0.2608695652173913,175.7391304347826,0.4221129840626765,36.0,0.7591010779810403,-3.739130434782609
oregon_state_beavers,0.7307692307692307,0.07692307692307693,63.96153846153846,62.96153846153846,10.0,,,,,,0.07692307692307693,1295.923076923077,0.4433641521782959,40.26923076923077,0.917767092563175,-3.076923076923077
pacific_tigers,0.1724137931034483,0.034482758620689655,68.24137931034483,76.96551724137932,7.896551724137931,,,,,,-0.10344827586206896,,0.4315235699874594,34.93103448275862,0.8969921961263789,-9.655172413793103
florida_gulf_coast_eagles,0.7931034482758621,0.0,77.86206896551724,56.89655172413793,25.24137931034483,,,,,,0.13793103448275862,,0.432340527282144,34.86206896551724,1.6313763496506104,-1.5517241379310345
cal_state_northridge_matadors,1.3571428571428572,0.0,57.25,63.714285714285715,8.357142857142858,,,,,,-0.17857142857142858,,0.41956823383866343,32.57142857142857,0.6886070203567808,-6.0
loyola_marymount_lions,1.0689655172413792,0.06896551724137931,59.0,67.17241379310344,6.620689655172414,,,,0.0,,-0.20689655172413793,522.1034482758621,0.42925690887828377,33.58620689655172,0.6833335902683825,-5.586206896551724
loyola_maryland_greyhounds,1.3793103448275863,0.034482758620689655,53.758620689655174,61.58620689655172,5.172413793103448,,,,0.0,,-0.034482758620689655,148.82758620689654,0.4244476664921469,32.48275862068966,0.6840125200959489,-8.379310344827585
texas_longhorns,0.5,0.03125,72.625,56.65625,21.125,,,,0.0,,0.0625,579.59375,0.47464443929739386,37.25,0.9137672973320855,-4.90625
jackson_state_lady_tigers,0.3333333333333333,0.1111111111111111,79.85185185185185,63.03703703703704,23.59259259259259,,,,0.0,,-0.14814814814814814,305.25925925925924,0.48039413358470273,47.074074074074076,0.8958120513117075,-2.3333333333333335
xavier_la_gold_rush,0.5,0.5,42.5,69.5,4.0,,,,,,0.0,,0.35406260406260404,35.0,0.34384164222873903,-13.0
northeastern_huskies,0.7142857142857143,0.0,61.357142857142854,60.82142857142857,11.178571428571429,,,,0.0,,-0.03571428571428571,277.85714285714283,0.4250844586905055,35.57142857142857,0.632092533367093,-7.892857142857143
boston_university_terriers,0.8709677419354839,0.06451612903225806,62.483870967741936,59.645161290322584,11.35483870967742,,,460.4516129032258,,,-0.03225806451612903,208.38709677419354,0.4374539303044525,37.774193548387096,0.7990409845414537,-4.741935483870968
unc_wilmington_seahawks,1.2222222222222223,0.037037037037037035,53.888888888888886,68.29629629629629,3.074074074074074,,,,,,-0.037037037037037035,,0.40736446175636265,31.444444444444443,0.5651394270408718,-8.185185185185185
uc_merced_bobcats,2.0,0.0,40.666666666666664,82.66666666666667,0.6666666666666666,,,,,,0.0,,0.3118529427807778,30.666666666666668,0.40731138190303345,-9.333333333333334
santa_clara_broncos,0.6,0.06666666666666667,70.56666666666666,68.63333333333334,12.7,,,,,,0.03333333333333333,,0.4622194504754637,36.63333333333333,1.0648564202665245,-7.966666666666667
georgia_state_panthers,0.5,0.2692307692307692,64.6923076923077,67.42307692307692,8.653846153846153,,,,,,0.038461538461538464,,0.41156480788166344,34.76923076923077,0.7553236908608159,-8.115384615384615
howard_bison,0.30434782608695654,0.08695652173913043,63.78260869565217,60.78260869565217,14.434782608695652,,,,0.0,,-0.2608695652173913,278.60869565217394,0.40541234118685404,40.78260869565217,0.7611165255602595,-4.739130434782608
army_black_knights,0.7586206896551724,0.0,63.48275862068966,63.93103448275862,9.10344827586207,,,,,,-0.06896551724137931,,0.39931719457090414,40.89655172413793,0.6781357927076755,-7.103448275862069
huston_tillotson_rams,2.0,0.0,44.0,82.5,0.5,,,,,,0.0,,0.3310185185185185,35.5,0.208695652173913,-6.0
prairie_view_am_lady_panthers,1.2692307692307692,0.0,64.11538461538461,71.42307692307692,10.0,,,,,,-0.11538461538461539,,0.41495202650998375,38.5,0.7539907370439742,-6.8076923076923075
warren_wilson_owls,0.0,0.0,36.0,100.0,0.0,,,,,,0.0,,0.2527472527472527,24.0,0.28,-12.0
utah_valley_wolverines,0.6451612903225806,0.0967741935483871,63.38709677419355,60.193548387096776,13.225806451612904,,,,,,-0.0967741935483871,,0.44827912585067275,38.516129032258064,1.0466090194666418,-6.967741935483871
missouri_baptist_spartans,1.0,0.0,42.5,97.0,0.0,,,,,,0.0,,0.30871287128712865,28.0,0.42599620493358636,-5.5
michigan_wolverines,0.5925925925925926,0.1111111111111111,73.25925925925925,61.592592592592595,20.37037037037037,,,,,,0.18518518518518517,333.81481481481484,0.493650044049722,39.888888888888886,0.8957075501093689,-6.703703703703703
iowa_hawkeyes,0.3333333333333333,0.1,84.5,70.83333333333333,19.9,,,,,,0.1,,0.5280882089474127,38.4,1.3013645189233425,-5.433333333333334
paul_quinn_tigers,0.5,0.0,58.0,76.5,1.0,,,,,,0.0,,0.38994845360824737,44.5,0.4722222222222222,-13.5
northwestern_wildcats,0.3333333333333333,0.037037037037037035,66.70370370370371,63.2962962962963,12.148148148148149,,,,,,0.07407407407407407,578.1481481481482,0.42938381442749846,36.74074074074074,1.0466454871683628,-1.3703703703703705
florida_state_seminoles,0.39285714285714285,0.17857142857142858,66.35714285714286,61.5,15.857142857142858,,,,0.0,,0.14285714285714285,367.10714285714283,0.46238683397034785,36.32142857142857,0.9709813999530458,-5.035714285714286
maryland_terrapins,0.1724137931034483,0.2413793103448276,78.06896551724138,66.96551724137932,18.96551724137931,,,,,,0.13793103448275862,399.6551724137931,0.4710394826363865,39.275862068965516,1.320939724338625,-2.793103448275862
miami_hurricanes,0.5483870967741935,0.0967741935483871,61.45161290322581,59.064516129032256,11.806451612903226,,,,,,0.16129032258064516,589.5806451612904,0.42142511540953725,36.225806451612904,0.771415295254976,-4.806451612903226
nc_state_wolfpack,0.21875,0.09375,76.375,57.03125,23.125,,,,,,0.21875,250.3125,0.48192154401253634,42.15625,1.168467733676712,-2.875
indiana_hoosiers,0.3,0.03333333333333333,71.8,61.9,16.6,,,,,,0.13333333333333333,297.03333333333336,0.487075287771973,36.3,1.083722605846714,-5.433333333333334
notre_dame_fighting_irish,0.7,0.03333333333333333,73.03333333333333,62.666666666666664,18.8,,,,0.1,,0.06666666666666667,434.56666666666666,0.4614776100527614,40.53333333333333,1.1212628431939577,1.1
bellarmine_knights,0.6071428571428571,0.17857142857142858,60.785714285714285,73.60714285714286,6.071428571428571,,,,,,-0.14285714285714285,,0.41096720736463566,33.535714285714285,0.670616061322932,-8.535714285714286
fordham_rams,0.7142857142857143,0.03571428571428571,62.107142857142854,57.535714285714285,13.321428571428571,,,,,,0.10714285714285714,462.89285714285717,0.40628109437941407,34.92857142857143,1.0124011041663628,-5.142857142857143
northern_arizona_lumberjacks,0.22580645161290322,0.1935483870967742,72.83870967741936,71.03225806451613,11.096774193548388,,,595.9032258064516,0.0,,0.03225806451612903,550.9677419354839,0.4753494117528276,36.87096774193548,1.0048049662284366,-7.129032258064516
weber_state_wildcats,0.5483870967741935,0.1935483870967742,64.03225806451613,66.90322580645162,9.129032258064516,,,,0.03225806451612903,,0.03225806451612903,354.80645161290323,0.4581197283208899,37.03225806451613,0.7172732129919371,-7.838709677419355
texas_southern_tigers,0.76,0.24,68.64,76.36,8.36,,,,0.0,,-0.32,548.8,0.4344082922578187,36.8,0.5856794203004532,-4.32
depaul_blue_demons,0.28125,0.0,88.28125,78.28125,18.6875,,,,-0.09375,,0.125,683.8125,0.4671643613353154,40.40625,1.3526302156359724,-1.59375
idaho_state_bengals,0.4666666666666667,0.03333333333333333,66.56666666666666,63.733333333333334,13.233333333333333,,,,,,-0.1,,0.4239035854460643,35.36666666666667,1.243693421538139,-5.166666666666667
portland_state_vikings,0.8571428571428571,0.0,58.92857142857143,72.25,6.785714285714286,,,,,,0.03571428571428571,,0.39822688062431555,33.32142857142857,0.7698009442397986,-4.964285714285714
southern_utah_thunderbirds,0.4666666666666667,0.16666666666666666,70.63333333333334,65.76666666666667,14.9,,,,,,-0.1,,0.4555716884832597,41.5,0.9633160304703132,-3.2
eastern_washington_eagles,0.3,0.0,61.0,64.5,9.766666666666667,,,,,,0.0,,0.38765595550216597,37.13333333333333,0.8732186995151391,-5.466666666666667
montana_state_bobcats,0.35294117647058826,0.0,70.0,67.82352941176471,12.764705882352942,,,,,,-0.058823529411764705,,0.4324748072227293,37.38235294117647,1.1192560783072532,-6.029411764705882
northern_colorado_bears,1.032258064516129,0.0,61.96774193548387,60.806451612903224,10.806451612903226,,,,,,-0.0967741935483871,,0.4453000041655144,37.45161290322581,0.7294667753080513,-5.32258064516129
cal_poly_mustangs,0.72,0.04,57.24,70.4,5.84,,,,,,0.24,132.72,0.3886905084392469,38.12,0.7755319273239586,-10.68
houston_christian_huskies,0.76,0.04,57.48,56.28,10.12,,,,,,-0.12,,0.4183886380469541,35.28,0.708204089686954,-3.4
denver_pioneers,0.9655172413793104,0.13793103448275862,64.13793103448276,72.06896551724138,7.793103448275862,,,,,,0.0,,0.4237678215818048,34.51724137931034,0.8005975112147798,-4.724137931034483
uc_santa_barbara_gauchos,0.6923076923076923,0.0,61.03846153846154,56.92307692307692,13.73076923076923,,,,,,-0.11538461538461539,,0.43062801074057333,37.07692307692308,0.9093453785306013,-5.346153846153846
lsu_tigers,0.5357142857142857,0.10714285714285714,73.85714285714286,60.714285714285715,19.571428571428573,,,,0.07142857142857142,,0.25,420.39285714285717,0.4763333122953216,43.535714285714285,1.0199339501473512,-2.142857142857143
green_bay_phoenix,0.8076923076923077,0.0,61.80769230769231,55.15384615384615,15.192307692307692,,,,-0.11538461538461539,,-0.11538461538461539,482.15384615384613,0.42538598750080997,35.30769230769231,1.0782050302638537,-5.230769230769231
robert_morris_colonials,1.0714285714285714,0.07142857142857142,54.32142857142857,58.607142857142854,9.607142857142858,,,,0.0,,0.0,240.42857142857142,0.39281491310777955,30.785714285714285,0.7192280520149825,-6.714285714285714
oakland_golden_grizzlies,0.7,0.2,62.6,63.96666666666667,,,,,-0.2,,0.1,483.6333333333333,0.412564413802953,35.7,0.7456007635348229,-8.2
youngstown_state_penguins,1.2413793103448276,0.06896551724137931,65.58620689655173,56.86206896551724,16.03448275862069,,,,,,0.10344827586206896,,0.43034682433752913,37.0,1.0206124260087643,-6.0344827586206895
south_florida_bulls,1.1935483870967742,0.1935483870967742,60.935483870967744,53.516129032258064,13.548387096774194,,,,-0.25806451612903225,,0.03225806451612903,643.516129032258,0.42178424157833044,40.74193548387097,0.9915468956290888,-4.903225806451613
haskell_jayhawks,1.0,0.0,38.0,95.0,0.0,,,,,,0.0,,0.2282608695652173,31.0,0.6,-6.0
seton_hall_pirates,0.4838709677419355,0.16129032258064516,69.29032258064517,67.90322580645162,11.709677419354838,,,,-0.0967741935483871,,0.12903225806451613,406.0,0.44503802071583076,35.225806451612904,1.2615239245757068,-2.193548387096774
washington_state_cougars,0.41379310344827586,0.1724137931034483,60.758620689655174,60.3448275862069,11.448275862068966,,,,,,0.0,838.2068965517242,0.4139739471403383,35.06896551724138,0.9651727419822861,-3.4827586206896552
delaware_blue_hens,0.23333333333333334,0.06666666666666667,71.76666666666667,63.13333333333333,15.6,,,,,,-0.16666666666666666,,0.4349785832268489,44.4,0.8533791639665579,-4.7
george_washington_revolutionaries,0.6666666666666666,0.0,51.766666666666666,55.2,8.2,,,,,,0.16666666666666666,,0.36656486617355544,37.93333333333333,0.6574414184529387,-6.533333333333333
kennesaw_state_owls,0.7037037037037037,0.037037037037037035,60.7037037037037,65.03703703703704,9.777777777777779,,,,,,0.07407407407407407,,0.4254902672207241,34.0,0.6812894435572453,-7.555555555555555
florida_atlantic_owls,0.7586206896551724,0.0,58.58620689655172,66.17241379310344,7.896551724137931,,,,,,0.034482758620689655,,0.41825686679565655,35.93103448275862,0.7364984054089422,-7.517241379310345
ul_monroe_warhawks,0.9615384615384616,0.19230769230769232,58.61538461538461,69.96153846153847,5.769230769230769,,,,,,0.19230769230769232,,0.4101286211914404,36.30769230769231,0.5577344379708038,-7.615384615384615
charleston_southern_buccaneers,1.1428571428571428,0.0,49.535714285714285,72.10714285714286,3.5,,,,0.0,,0.0,213.85714285714286,0.36740518565069896,32.642857142857146,0.4912338045721989,-7.321428571428571
regis_co_rangers,2.0,0.0,46.0,60.0,5.0,,,,,,0.0,,0.3294117647058823,42.0,0.45,0.0
bethel_tn_wildcats,1.0,0.0,46.0,85.0,0.0,,,,,,0.0,,0.3837209302325581,26.0,0.4705882352941176,-18.0
boise_state_broncos,0.4827586206896552,0.0,62.06896551724138,65.17241379310344,10.068965517241379,,,,,,0.0,,0.41569019822514197,40.241379310344826,0.9750073303127853,-7.172413793103448
seattle_u_redhawks,0.4666666666666667,0.26666666666666666,62.63333333333333,65.96666666666667,9.6,,,,,,-0.1,,0.4078199807490368,37.06666666666667,0.8496250401607784,-5.166666666666667
sacred_heart_pioneers,0.64,0.04,58.04,63.92,7.28,,,,,,-0.04,90.36,0.412191080802393,34.36,0.6144833321805996,-11.2
uc_san_diego_tritons,0.4444444444444444,0.0,60.851851851851855,59.96296296296296,12.296296296296296,,,,,,0.037037037037037035,,0.3961342243184645,39.074074074074076,0.9884803728104382,-6.666666666666667
mercer_bears,0.375,0.0625,66.125,55.25,18.0625,,,,0.0,,-0.8125,342.75,0.4800472457140603,35.4375,0.8288014069264069,-4.625
new_mexico_state_aggies,0.7142857142857143,0.10714285714285714,64.46428571428571,64.53571428571429,12.321428571428571,,,,,,0.03571428571428571,,0.4208358909810853,37.82142857142857,0.717990298011394,-9.642857142857142
houston_cougars,0.6129032258064516,0.0967741935483871,63.193548387096776,61.064516129032256,11.67741935483871,,,,-0.16129032258064516,,0.03225806451612903,503.51612903225805,0.4078654585784307,37.12903225806452,0.8339778305130848,-2.7096774193548385
northern_kentucky_norse,0.6896551724137931,0.0,66.13793103448276,59.13793103448276,14.620689655172415,,,,,,-0.13793103448275862,,0.43242180937832414,38.03448275862069,0.8242615911545571,-1.9310344827586208
north_texas_mean_green,0.2962962962962963,0.07407407407407407,67.29629629629629,61.666666666666664,14.0,,,,,,0.07407407407407407,,0.442081955672034,38.48148148148148,0.8160080588486163,-6.481481481481482
wyoming_cowgirls,0.8888888888888888,0.037037037037037035,62.370370370370374,58.592592592592595,11.962962962962964,,,,,,-0.1111111111111111,,0.42285390965919156,40.03703703703704,1.0688552626074124,-3.8518518518518516
uconn_huskies,0.5666666666666667,0.03333333333333333,74.76666666666667,54.166666666666664,26.733333333333334,,,,-0.2,,0.06666666666666667,637.8666666666667,0.4820187197785659,38.666666666666664,1.3833657995770998,0.4666666666666667
william_jewell_cardinals,2.0,0.0,26.0,81.0,0.0,,,,,,0.0,,0.2098765432098765,28.0,0.125,-7.0
missouri_state_lady_bears,0.6451612903225806,0.03225806451612903,65.19354838709677,53.70967741935484,18.322580645161292,,,,,,0.0,,0.42388287297972266,41.83870967741935,0.986460181683891,-3.5161290322580645
central_arkansas_sugar_bears,1.3214285714285714,0.07142857142857142,53.892857142857146,62.0,9.857142857142858,,,,,,-0.07142857142857142,,0.42355999706251596,37.285714285714285,0.5944654015670998,-8.357142857142858
slippery_rock_the_rock,0.0,0.0,54.0,97.0,1.0,,,,,,0.0,,0.3300970873786408,40.0,0.375,-9.0
st_thomas_minnesota_tommies,1.16,0.0,57.8,66.96,7.76,,,,,,-0.12,,0.41041236894370386,35.16,0.7282532239690133,-8.96
south_dakota_coyotes,0.13333333333333333,0.06666666666666667,69.8,53.06666666666667,22.633333333333333,,,,,,0.1,,0.4617939636042509,34.13333333333333,1.376772163022163,-2.8333333333333335
bradley_braves,1.037037037037037,0.0,58.407407407407405,68.92592592592592,5.777777777777778,,,,,,-0.1111111111111111,,0.39826828764787464,34.81481481481482,0.8325189214078103,-8.037037037037036
loyola_new_orleans_wolfpack,0.0,0.0,44.0,57.0,4.0,,,,,,0.0,,0.3218390804597701,41.0,0.3333333333333333,-5.0
cal_state_fullerton_titans,0.7931034482758621,0.034482758620689655,60.310344827586206,64.65517241379311,8.0,,,,,,0.034482758620689655,335.55172413793105,0.42978295041779235,34.6551724137931,0.7766692771304707,-6.931034482758621
csu_pueblo_thunderwolves,0.0,0.0,49.0,65.5,8.5,,,,,,0.0,,0.3254901960784313,36.5,0.875,-7.5
southern_jaguars,0.8275862068965517,0.1724137931034483,59.793103448275865,63.13793103448276,11.241379310344827,,,,,,-0.3103448275862069,,0.3811447477362061,33.13793103448276,0.6658789368132064,-6.896551724137931
arizona_state_sun_devils,0.9230769230769231,0.19230769230769232,63.26923076923077,59.88461538461539,11.76923076923077,,,,-0.038461538461538464,,0.19230769230769232,687.6923076923077,0.42777170642801765,36.73076923076923,0.9054219886382306,-6.730769230769231
byu_cougars,0.5555555555555556,0.07407407407407407,79.18518518518519,58.44444444444444,26.333333333333332,,,,,,0.1111111111111111,398.962962962963,0.4763245396720117,40.25925925925926,1.6977311769724392,-1.2222222222222223
minnesota_morris_cougars,0.0,0.0,55.0,97.0,0.0,,,,,,0.0,,0.4042553191489361,32.0,0.2608695652173913,-12.0
hofstra_pride,1.1428571428571428,0.10714285714285714,51.214285714285715,61.892857142857146,5.964285714285714,,,,,,-0.14285714285714285,,0.38142458116686845,33.5,0.6242101718505364,-6.964285714285714
kentucky_state_thorobreds,0.6666666666666666,0.0,56.0,87.66666666666667,1.3333333333333333,,,,,,0.0,,0.3929231462700022,34.666666666666664,0.48252110208631943,-10.333333333333334
tulane_green_wave,0.8928571428571429,0.21428571428571427,71.14285714285714,66.0,12.035714285714286,,,,-0.03571428571428571,,0.07142857142857142,502.4642857142857,0.4474592113804529,42.964285714285715,1.0125696175479362,-4.178571428571429
schreiner_mountaineers,0.5,0.0,45.5,78.0,4.0,,,,,,0.0,,0.2953637976929902,36.5,0.3655394524959742,-4.5
tarleton_state_texans,0.9642857142857143,0.25,61.32142857142857,59.214285714285715,14.857142857142858,,,,,,-0.07142857142857142,,0.43190757679846836,36.607142857142854,0.8221247152229276,-2.1785714285714284
westminster_ut_griffins,1.0,0.0,78.0,83.0,2.0,,,,,,0.0,,0.4423076923076923,41.0,1.125,-17.0
cal_state_la_golden_eagles,2.0,0.0,55.0,85.0,0.0,,,,,,0.0,,0.3077423552374755,38.0,0.6375,-6.5
georgia_lady_bulldogs,0.5714285714285714,0.14285714285714285,69.25,59.107142857142854,17.142857142857142,,,,0.0,,0.25,253.17857142857142,0.4676319492101733,40.535714285714285,1.047332247983232,-0.17857142857142858
colorado_christian_cougars,0.5,0.0,52.0,83.0,0.0,,,,,,0.0,,0.3305395495023572,40.5,0.5282738095238095,-9.0
college_of_st_mary_flames,2.0,0.0,57.0,87.0,5.0,,,,,,0.0,,0.3786407766990291,30.0,0.4230769230769231,-3.0
university_of_science_and_arts_drovers,0.6666666666666666,0.0,52.333333333333336,84.66666666666667,2.3333333333333335,,,,,,0.0,,0.34929875193033083,36.333333333333336,0.4040485829959513,-7.333333333333333
pfeiffer_falcons,0.0,0.0,43.5,106.0,0.0,,,,,,0.0,,0.2552795568634239,39.0,0.21333333333333332,-11.5
oklahoma_state_cowgirls,0.7586206896551724,0.034482758620689655,57.6551724137931,61.58620689655172,9.482758620689655,,,,-0.1724137931034483,,0.034482758620689655,392.7586206896552,0.3796394184525411,36.96551724137931,0.8147985008479296,-3.2413793103448274
johnson_university_fl_suns,0.0,0.0,36.0,127.0,0.0,,,,,,0.0,,0.3666666666666666,10.0,0.15,-10.0
auburn_montgomery_senators,3.0,0.0,44.0,79.5,5.0,,,,,,0.0,,0.3874777183600713,32.5,0.3407142857142857,-12.0
ut_martin_skyhawks,1.2,0.0,55.63333333333333,58.06666666666667,8.266666666666667,,,,-0.1,,0.06666666666666667,443.73333333333335,0.44308559766228817,28.033333333333335,0.716247516119134,-4.766666666666667
mississippi_valley_state_devilettes,0.7727272727272727,0.09090909090909091,64.68181818181819,79.0909090909091,5.2272727272727275,,,,0.0,,-0.22727272727272727,199.27272727272728,0.37476108597814656,39.18181818181818,0.6816039629127403,-9.727272727272727
thomas_ga_night_hawks,0.0,0.0,31.0,100.0,0.0,,,,,,0.0,,0.2985074626865671,31.0,0.0909090909090909,-20.0
harris_stowe_state_hornets,0.0,0.0,57.0,95.0,2.0,,,,,,0.0,,0.419047619047619,39.0,0.217391304347826,-11.0
texas_college_steers,2.0,2.0,37.0,105.0,3.0,,,,,,0.0,,0.2653061224489796,16.0,0.3076923076923077,-6.0
mobile_rams,0.5,0.0,51.5,71.5,3.0,,,,,,0.0,,0.3351612903225807,35.5,0.4545454545454546,-3.5
talladega_tornadoes,0.0,0.0,75.5,94.5,5.0,,,,,,0.0,,0.4536878216123499,29.5,1.076797385620915,-12.0
graceland_university_graceland,1.0,0.0,34.0,110.0,0.0,,,,,,0.0,,0.3043478260869565,37.0,0.1818181818181818,-7.0
warner_university_royals,1.6666666666666667,0.0,46.666666666666664,85.33333333333333,2.6666666666666665,,,,,,0.0,,0.3723781319861801,32.333333333333336,0.3337302532348972,-6.666666666666667
florida_national_conquistadors,0.0,0.0,35.0,91.0,0.0,,,,,,0.0,,0.3026315789473684,21.0,0.2068965517241379,-6.0
chowan_hawks,0.0,0.0,53.0,81.0,0.0,,,,,,0.0,,0.3469387755102041,49.0,0.25,-12.0
pittsburgh_johnstown_mountain_cats,1.0,0.0,51.0,62.0,2.0,,,,,,0.0,,0.3406593406593406,32.0,0.4705882352941176,-11.0
multnomah_university_multnomah,0.0,0.0,61.0,102.0,0.0,,,,,,0.0,,0.4175824175824176,27.0,0.9333333333333332,-9.0
university_of_health_sciences_pharmacy_eutectics,2.0,0.0,45.0,68.0,0.0,,,,,,0.0,,0.3614457831325301,31.0,0.4285714285714285,-11.0
wesleyan_college_ga_wolves,3.0,0.0,39.0,116.0,0.0,,,,,,0.0,,0.3768115942028985,20.0,0.1555555555555555,-4.0
florida_memorial_lions,2.0,0.6666666666666666,57.666666666666664,82.66666666666667,3.0,,,,,,0.0,,0.39078628320005143,33.666666666666664,0.3881451881451881,-11.0
simpson_college_ia_storm,0.0,0.0,57.0,101.0,0.0,,,,,,0.0,,0.3243243243243243,31.0,0.9375,1.0
lsu_shreveport_pilots,0.3333333333333333,2.0,40.333333333333336,77.66666666666667,1.3333333333333333,,,,,,0.0,,0.3463540678730552,26.333333333333332,0.26983175079127103,-7.333333333333333
stephens,2.0,0.0,33.0,88.0,0.0,,,,,,0.0,,0.2891566265060241,37.0,0.081081081081081,-9.0
carroll_mt_fighting_saints,1.5,0.0,63.0,69.0,8.5,,,,,,0.0,,0.4409846412791921,38.0,0.8235294117647058,-6.0
northwest_nazarene_nighthawks,0.0,0.0,46.0,84.0,0.0,,,,,,0.0,,0.2459016393442623,43.0,0.5333333333333333,-10.0
brevard_tornados,2.0,0.0,37.0,101.0,0.0,,,,,,0.0,,0.2588235294117647,26.0,0.1875,-5.0
california_baptist_lancers,0.3,0.16666666666666666,76.3,69.4,14.533333333333333,,,,,,-0.13333333333333333,,0.4443815630023647,38.6,1.2943652901392837,-3.966666666666667
baker_university_baker,2.0,0.0,44.0,93.0,0.0,,,,,,0.0,,0.3947368421052631,27.0,0.3636363636363636,-2.0
tulsa_golden_hurricane,0.5,0.15384615384615385,68.46153846153847,63.65384615384615,16.53846153846154,,,,,,0.11538461538461539,,0.4445106066546576,33.42307692307692,1.3595634286527956,-4.230769230769231
missouri_science_technology_miners,0.5,0.0,57.0,78.0,2.5,,,,,,0.0,,0.4154411764705882,29.5,0.8400809716599189,-5.5
bowie_state_bulldogs,2.0,0.0,29.0,70.0,0.0,,,,,,0.0,,0.2608695652173913,37.0,0.1290322580645161,-16.0
academy_of_art_urban_knights,1.5,0.0,50.0,65.5,2.5,,,,,,0.0,,0.29907407407407405,35.5,0.6770833333333333,-2.0
champion_christian_tigers,0.25,0.25,55.0,78.5,4.0,,,,,,0.0,,0.35751793986738123,35.25,0.462971342383107,-7.5
toledo_rockets,0.4666666666666667,0.06666666666666667,72.36666666666666,60.1,17.133333333333333,,,,-0.13333333333333333,,0.0,304.6333333333333,0.46155355529813047,41.3,1.1056128593628596,-6.433333333333334
colorado_colorado_springs_mountain_lions,2.0,0.0,49.0,70.0,0.0,,,,,,0.0,,0.3717948717948718,38.0,0.3703703703703703,2.0
lagrange_panthers,1.0,0.0,45.0,77.0,0.0,,,,,,0.0,,0.3168316831683168,31.0,0.3125,-2.0
bethesda_university_lion_angels,3.0,0.0,23.5,114.0,0.0,,,,,,0.0,,0.2136029411764706,28.0,0.17470760233918126,-7.5
montana_state_billings_yellowjackets,1.0,0.0,81.0,82.0,7.0,10.0,,,,,0.0,,0.4296875,49.0,1.0,-14.0
alabama_am_bulldogs,0.8333333333333334,0.041666666666666664,58.541666666666664,63.166666666666664,8.583333333333334,,,,0.041666666666666664,,-0.25,416.125,0.41479317571059626,39.541666666666664,0.6875892581784188,-6.083333333333333
blackburn_beavers,0.0,0.0,52.0,114.0,0.0,,,,,,0.0,,0.3495145631067961,27.0,0.1428571428571428,-4.0
lewis_clark_st_warriors,2.0,0.0,46.0,95.0,0.0,,,,,,0.0,,0.3191489361702128,42.0,0.3157894736842105,-4.0
king_tn_tornado,4.0,0.0,56.0,76.0,2.0,,,,,,0.0,,0.4512195121951219,34.0,0.1666666666666666,-3.0
life_pacific,0.0,0.0,49.5,100.0,0.5,,,,,,0.0,,0.28291536050156735,32.0,0.5756302521008403,-4.0
palm_beach_atlantic_sailfish,1.5,0.0,46.5,84.0,3.0,,,,,,0.0,,0.34932659932659926,38.5,0.20403225806451608,-12.0
northwest_university_eagles,2.0,0.0,32.0,89.0,0.0,,,,,,0.0,,0.2528735632183908,36.0,0.2692307692307692,-3.0
central_christian_college_central_christian_college,5.0,0.0,52.0,120.0,3.0,,,,,,0.0,,0.4177215189873418,15.0,0.44,-11.0
washington_huskies,1.5555555555555556,0.0,59.22222222222222,62.22222222222222,9.333333333333334,,,,,,0.05555555555555555,546.3888888888889,0.45280187636427827,36.22222222222222,0.721613077114883,-2.6666666666666665
webber_international_warriors,0.0,0.0,50.5,80.5,2.5,,,,,,0.0,,0.333866969634373,30.0,0.20979020979020974,-6.0
tennessee_southern_firehawks,1.5,0.0,44.0,70.5,5.5,,,,,,0.0,,0.2767072346179851,42.5,0.4328947368421053,-4.5
southwestern_assemblies_of_god_lions,2.0,0.0,51.0,81.0,0.0,,,,,,0.0,,0.3458831808585503,35.0,0.5248161764705883,-3.5
greenville_panthers,0.0,0.0,56.0,105.0,0.0,,,,,,0.0,,0.3440860215053763,47.0,0.68,-6.0
simpson_university_ca_red_hawks,0.0,0.0,53.0,87.0,0.0,,,,,,0.0,,0.3339120998372219,36.0,0.8333333333333333,0.5
ave_maria_gyrenes,1.0,0.0,47.666666666666664,90.0,1.3333333333333333,,,,,,0.0,,0.38673774784885895,40.666666666666664,0.18496742412204037,-5.333333333333333
fisher_college_eagles,0.6666666666666666,0.0,30.666666666666668,93.0,0.0,,,,,,0.0,,0.27315823888404533,27.0,0.17407072673340748,-9.0
texas_am_international_dustdevils,1.0,0.0,68.0,55.0,15.0,,,,,,0.0,,0.4421052631578947,39.0,0.5238095238095238,3.0
bushnell_beacons,1.0,0.0,42.0,80.0,2.0,,,,,,0.0,,0.3623188405797101,33.0,0.2758620689655172,-5.0
wiley_wildcats,0.5,0.0,59.0,81.0,4.0,,,,,,0.0,,0.4255189255189255,38.0,0.30310457516339867,-9.0
arizona_christian_firestorm,2.0,0.0,48.0,95.0,0.0,,,,,,0.0,,0.3924050632911392,32.0,0.119047619047619,-3.0
tennessee_wesleyan_bulldogs,2.0,0.0,39.0,85.0,0.0,,,,,,0.0,,0.28424369747899153,22.5,0.35357142857142854,-3.0
unt_dallas_trailblazers,0.0,0.0,47.0,92.0,1.0,,,,,,0.0,,0.3370786516853932,31.0,0.35,-10.0
stanford_cardinal,0.5806451612903226,0.0,73.7741935483871,56.87096774193548,21.483870967741936,,,,,,0.16129032258064516,955.4193548387096,0.4641760397724695,41.516129032258064,1.2683529485021239,-1.3870967741935485
claflin_panthers,1.0,0.0,56.5,67.5,1.0,,,,,,0.0,,0.37798965740142204,42.0,0.36431784107946025,-5.0
notre_dame_college_oh_blue_falcons,2.0,0.0,48.0,100.0,0.0,,,,,,0.0,,0.3,32.0,0.2083333333333333,-13.0
quincy_hawks,1.5,0.0,49.0,81.5,2.5,,,,,,0.0,,0.3608395629672225,36.5,0.4861660079051383,-9.5
stanislaus_state_warriors,1.0,0.0,63.0,86.0,2.5,,,,,,0.0,,0.37617209045780475,41.5,0.8487394957983194,-6.5
carver_college_cougars,4.0,0.0,15.0,133.0,0.0,,,,,,0.0,,0.1216216216216216,28.0,0.04,-16.0
blue_mountain_college_toppers,0.0,0.0,50.0,75.0,0.0,,,,,,0.0,,0.3469387755102041,34.0,0.5263157894736842,-11.0
utep_miners,0.32142857142857145,0.07142857142857142,65.5,65.64285714285714,10.285714285714286,,,,-0.03571428571428571,,0.07142857142857142,650.9642857142857,0.4379639193465235,35.964285714285715,0.6982387972671585,-8.571428571428571
westcliff_warriors,0.6666666666666666,0.0,46.666666666666664,94.66666666666667,0.6666666666666666,,,,,,0.0,,0.30614076154806497,34.333333333333336,0.5895424836601307,-1.6666666666666667
mount_olive_trojans,0.0,0.0,65.0,74.0,3.0,,,,,,0.0,,0.4444444444444444,28.0,0.4545454545454545,-12.0
faulkner_eagles,5.0,0.0,51.0,91.0,9.0,,,,,,0.0,,0.4069767441860465,38.0,0.375,-8.0
northland_lumberjacks,1.0,0.0,19.0,92.0,0.0,,,,,,0.0,,0.180327868852459,17.0,0.1111111111111111,-7.0
dakota_wesleyan_tigers,1.0,0.0,43.0,90.0,3.0,,,,,,0.0,,0.2972972972972973,30.0,0.6666666666666666,-10.0
wright_state_raiders,0.21739130434782608,0.6521739130434783,59.869565217391305,70.17391304347827,,,,,,,-0.2608695652173913,,0.3822055000140949,35.73913043478261,0.717168956550098,-3.9130434782608696
lake_erie_storm,0.0,0.0,60.0,91.0,2.0,,,,,,0.0,,0.3434343434343434,41.0,0.5,-6.0
alabama_huntsville_chargers,1.0,0.0,57.0,107.0,1.0,,,,,,0.0,,0.3854166666666667,30.0,0.3793103448275862,-11.0
mayville_st_comets,2.0,0.0,65.0,72.0,6.0,,,,,,0.0,,0.3706896551724138,51.0,0.6666666666666666,-1.0
shorter_hawks,0.0,0.0,47.5,74.5,5.5,,,,,,0.0,,0.31976495726495724,37.0,0.327485380116959,-11.0
alderson_broaddus_battlers,4.0,0.0,56.0,88.0,7.0,,,,,,0.0,,0.3763440860215054,44.0,0.4333333333333333,-17.0
agnes_scott_college_scotties,1.5,0.0,25.0,109.5,0.0,,,,,,0.0,,0.2146800245348599,30.5,0.1289473684210526,-5.0
william_peace,1.0,0.0,44.0,85.0,1.0,,,,,,0.0,,0.410958904109589,35.0,0.1818181818181818,-13.0
piedmont_lions,1.0,0.0,64.0,86.0,3.0,,,,,,0.0,,0.449438202247191,38.0,0.5769230769230769,1.0
spalding_pelicans,1.0,0.0,48.0,105.0,2.0,,,,,,0.0,,0.3780487804878049,23.0,0.4090909090909091,-1.0
bob_jones,3.0,0.0,36.0,86.0,0.0,,,,,,0.0,,0.313953488372093,22.0,0.0967741935483871,-3.0
central_baptist_college_mustangs,1.0,0.0,42.0,76.5,3.5,,,,,,0.0,,0.333497191011236,42.5,0.1787994891443167,-14.5
uc_riverside_highlanders,0.56,0.04,60.68,57.56,12.12,,,,,,-0.28,,0.41871160091933723,36.24,0.7129779730073845,-6.0
antelope_valley,0.0,0.0,36.0,83.66666666666667,0.0,,,,,,0.0,,0.24147095184385828,37.666666666666664,0.34210526315789475,-6.666666666666667
davis_elkins_senators,2.0,0.0,27.0,71.0,0.0,,,,,,0.0,,0.1808510638297872,29.0,0.3125,-15.0
iona_gaels,0.5384615384615384,0.0,56.11538461538461,58.38461538461539,8.846153846153847,,,,0.0,,0.07692307692307693,73.53846153846153,0.40657676736414616,31.73076923076923,0.8316067552555406,-5.115384615384615
edward_waters_tigers,0.5,0.0,61.0,69.5,4.0,,,,,,0.0,,0.36760124610591893,39.0,0.4447058823529412,-6.0
pikeville_bears,1.0,0.0,49.0,67.0,7.5,,,,,,0.0,,0.37438423645320196,37.0,0.4358695652173913,-11.0
caldwell_cougars,0.0,0.0,37.0,85.0,0.0,,,,,,0.0,,0.2727272727272727,30.0,0.391304347826087,-1.0
ohio_christian_trailblazers,0.0,0.0,51.0,104.0,0.0,,,,,,0.0,,0.3229166666666667,35.0,0.391304347826087,-12.0
jamestown_jimmies,0.0,0.0,36.0,82.0,4.0,,,,,,0.0,,0.2784810126582278,30.0,0.25,-9.0
hendrix_college_warriors,0.0,0.0,41.5,85.5,1.5,,,,,,0.0,,0.26587070471753055,33.5,0.45588235294117646,-6.5
holy_names_university_hawks,5.0,0.0,30.0,88.0,0.0,,,,,,0.0,,0.3559322033898305,22.0,0.1470588235294117,1.0
johnson_wales_nc_wildcats,1.0,0.0,34.0,101.0,0.0,,,,,,0.0,,0.2095238095238095,38.0,0.2,-16.0
western_oregon_wolves,1.0,0.0,38.0,61.0,0.0,,,,,,0.0,,0.25,34.0,0.4736842105263157,5.0
mcmurry_war_hawks,2.0,0.0,35.0,93.0,2.0,,,,,,0.0,,0.2948717948717949,17.0,0.2692307692307692,-4.0
point_park_pioneers,2.0,0.0,41.0,87.0,0.0,,,,,,0.0,,0.2891566265060241,33.0,0.2857142857142857,-15.0
campbellsville_harrodsburg_pioneers,1.0,0.0,63.0,82.0,5.0,,,,,,0.0,,0.4056603773584906,39.0,0.125,-3.0
kansas_wesleyan_coyotes,0.0,0.0,54.0,82.0,0.0,,,,,,0.0,,0.4024390243902439,27.0,0.4117647058823529,1.0
nelson_lions,3.0,0.0,49.5,115.0,0.0,,,,,,0.0,,0.3159066808059385,22.5,0.3625,-2.0
west_chester_golden_rams,0.0,0.0,31.0,64.0,0.0,,,,,,0.0,,0.2222222222222222,34.0,0.4285714285714285,-5.0
union_ny_garnet_chargers,1.0,0.0,37.0,88.0,1.0,,,,,,0.0,,0.3125,29.0,0.35,-8.0
lock_haven_university_bald_eagles,2.0,0.0,48.0,82.0,0.0,,,,,,0.0,,0.4027777777777778,29.0,0.4482758620689655,-1.0
lee_flames,0.0,0.0,39.0,75.0,0.0,,,,,,0.0,,0.3125,21.0,0.6470588235294118,-8.0
ursinus_bears,3.0,0.0,29.0,89.0,0.0,,,,,,0.0,,0.2531645569620253,23.0,0.3214285714285714,2.0
jessup_university_warriors,4.0,0.0,33.0,83.0,6.0,,,,,,0.0,,0.2413793103448276,23.0,0.3076923076923077,0.0
cumberland_ky_indians,1.0,1.0,64.0,86.5,5.5,,,,,,0.0,,0.376064875491481,33.5,0.7,-17.0
erskine_flying_fleet,5.333333333333333,0.0,25.666666666666668,69.66666666666667,0.0,,,,,,0.0,,0.21159649239785874,26.333333333333332,0.13613445378151257,-1.0
gettysburg_bullets,0.0,0.0,33.0,79.0,0.0,,,,,,0.0,,0.2560975609756097,32.0,0.2608695652173913,-18.0
montreat_cavaliers,4.0,0.0,23.0,79.0,0.0,,,,,,0.0,,0.1971830985915492,24.0,0.1481481481481481,-9.0
transylvania_pioneers,0.0,0.0,51.0,74.0,0.0,,,,,,0.0,,0.3269230769230769,36.0,0.3478260869565217,-9.0
tougaloo_bulldogs,1.0,0.0,44.0,63.0,0.0,,,,,,0.0,,0.3146067415730337,35.0,0.5789473684210527,-14.0
ecclesia_royals,0.0,0.0,39.0,108.0,5.0,,,,,,0.0,,0.3452380952380952,24.0,0.2142857142857142,-1.0
howard_payne_yellow_jackets,0.0,0.0,40.5,97.0,0.0,,,,,,0.0,,0.2965038099506947,32.5,0.2419871794871795,-14.0
salem_university,0.0,0.0,48.0,86.0,0.0,,,,,,0.0,,0.2575757575757575,28.0,0.4666666666666667,-7.0
lsu_alexandria_generals,1.0,0.0,48.0,95.0,0.0,,,,,,0.0,,0.3118279569892473,30.0,0.6,-2.0
trinity_baptist_eagles,3.0,0.0,31.0,126.0,0.0,,,,,,0.0,,0.2804878048780488,24.0,0.1052631578947368,-13.0
texas_am_texarkana_eagles,1.0,2.0,56.0,71.0,3.0,,,,,,0.0,,0.4268292682926829,34.0,0.5,-9.0
fort_valley_state_wildcats,2.0,0.0,71.0,99.0,3.0,,,,,,0.0,,0.3931623931623931,38.0,0.2580645161290322,-9.0
valley_forge_patriots,3.0,0.0,15.0,102.0,0.0,,,,,,0.0,,0.1304347826086956,20.0,0.037037037037037,-8.0
biola_eagles,2.0,0.0,61.0,80.0,0.0,,,,,,0.0,,0.45,30.0,0.4090909090909091,-1.0
immaculata_mighty_macs,0.0,0.0,41.0,78.0,0.0,,,,,,0.0,,0.2673267326732673,38.0,0.3,0.0
montevallo_falcons,3.0,0.0,50.0,75.0,8.0,,,,,,0.0,,0.29,41.0,0.375,0.0
taylor_trojans,1.0,0.0,61.0,72.0,5.0,,,,,,0.0,,0.3979591836734694,45.0,0.5416666666666666,-1.0
philander_smith_panthers,0.0,0.0,49.0,56.0,4.0,,,,,,0.0,,0.3258426966292135,38.0,0.5294117647058824,-2.0
mid_atlantic_christian_mustangs,2.0,0.0,38.0,109.0,0.0,,,,,,0.0,,0.3157894736842105,27.0,0.21875,-12.0
oakland_city_mighty_oaks,3.0,1.0,59.5,89.5,0.0,,,,,,0.0,,0.4593325720086283,30.5,0.3279569892473118,-12.0
randolph_college_wildcats,2.0,0.0,31.0,83.0,2.0,,,,,,0.0,,0.2467532467532467,24.0,0.2068965517241379,-10.0
cs_dominguez_hills_toros,0.0,0.0,67.0,72.0,0.0,,,,,,0.0,,0.4336283185840708,44.0,0.5,-11.0
upper_iowa_peacocks,0.0,0.0,53.0,83.0,0.0,,,,,,0.0,,0.3571428571428571,38.0,0.8,-19.0
oregon_tech_hustlin_owls,1.0,0.0,48.0,83.0,1.0,,,,,,0.0,,0.379746835443038,40.0,0.25,-4.0
emory_henry_wasps,1.5,0.0,43.5,57.0,6.5,,,,,,0.0,,0.303772378516624,31.5,0.3636363636363636,-4.5
sonoma_st_cossacks,0.0,0.0,53.0,76.0,1.0,,,,,,0.0,,0.3837209302325581,32.0,0.7058823529411765,-6.0
texas_wesleyan_rams,2.0,0.0,43.0,69.0,4.0,,,,,,0.0,,0.2871287128712871,39.0,0.25,-8.0
louisiana_christian_wildcats,0.0,0.0,58.0,71.0,3.0,,,,,,0.0,,0.4019607843137255,33.0,0.35,-22.0
kings_pa_monarchs,1.0,0.0,55.0,91.0,2.0,,,,,,0.0,,0.3461538461538461,33.0,0.7368421052631579,-10.0
bryn_athyn_lions,1.0,0.0,28.0,86.0,0.0,,,,,,0.0,,0.2,28.0,0.2,-5.0
cal_lutheran_kingsmen,3.0,0.0,36.0,79.0,3.0,,,,,,0.0,,0.2592592592592592,44.0,0.1818181818181818,-13.0
converse,0.0,0.0,58.0,101.0,2.0,,,,,,0.0,,0.425287356321839,28.0,0.4838709677419355,-11.0
st_thomas_tx_celts,1.0,0.0,38.0,79.0,2.0,,,,,,0.0,,0.268041237113402,31.0,0.2,-14.0
angelo_state_rams,2.0,0.0,53.0,88.0,1.0,,,,,,0.0,,0.4021739130434782,36.0,0.4761904761904761,-7.0
st_andrews_knights,2.0,0.0,33.0,117.0,0.0,,,,,,0.0,,0.2763157894736842,22.0,0.1515151515151515,-20.0
molloy_lions,2.0,0.0,51.0,52.0,5.0,,,,,,0.0,,0.4545454545454545,38.0,0.4,-5.0
brewton_parker_wildcats,0.0,0.0,40.0,80.0,2.0,,,,,,0.0,,0.2429906542056074,43.0,0.2105263157894736,-9.0
texas_lutheran_bulldogs,1.0,0.0,50.0,65.0,6.0,,,,,,0.0,,0.3406593406593406,25.0,0.8125,-19.0
briar_cliff_chargers,1.0,0.0,35.0,83.0,0.0,,,,,,0.0,,0.2674418604651162,32.0,0.2307692307692307,-8.0
western_new_mexico_mustangs,3.0,0.0,40.0,94.0,0.0,,,,,,0.0,,0.3421052631578947,25.0,0.2222222222222222,-13.0
john_carroll_blue_streaks,1.0,0.0,40.0,101.0,4.0,,,,,,0.0,,0.3472222222222222,31.0,0.3448275862068966,-7.0
grace_christian_university_tigers,0.0,0.0,45.0,133.0,0.0,,,,,,0.0,,0.3406593406593406,21.0,0.1333333333333333,-6.0
southern_wesleyan_warriors,0.0,0.0,55.0,106.0,0.0,,,,,,0.0,,0.3333333333333333,28.0,0.4166666666666667,-5.0
louisiana_christian_university_wildcats,0.0,0.0,36.0,78.0,6.0,,,,,,0.0,,0.2705882352941176,39.0,0.3125,-8.0
university_of_the_southwest_mustangs,0.0,0.0,43.0,99.0,0.0,,,,,,0.0,,0.3111111111111111,21.0,0.2631578947368421,-13.0
lenoir_rhyne_bears,1.5,0.0,45.5,71.5,2.5,,,,,,0.0,,0.3849662162162162,30.0,0.2398119122257053,-2.5
columbia_international_columbia_intl,2.0,0.0,40.0,81.0,2.0,,,,,,0.0,,0.3676470588235294,24.0,0.25,-2.0
notre_dame_of_maryland_university_gators,0.0,0.0,35.0,87.0,0.0,,,,,,0.0,,0.3333333333333333,28.0,0.2162162162162162,-3.0
spring_hill_badgers,0.0,0.0,53.0,73.0,0.0,,,,,,0.0,,0.3473684210526316,35.0,0.3809523809523809,-15.0
mercyhurst_lakers,2.0,0.0,46.0,90.0,2.0,,,,,,0.0,,0.3522727272727273,27.0,0.3571428571428571,-20.0
manchester_spartans,3.0,0.0,35.0,102.0,5.0,,,,,,0.0,,0.359375,27.0,0.2,-7.0
midway_university_midway,0.0,0.0,53.0,72.0,3.0,,,,,,0.0,,0.4090909090909091,39.0,0.2352941176470588,-1.0
winston_salem_rams,2.0,0.0,49.0,81.0,5.0,,,,,,0.0,,0.375,41.0,0.3333333333333333,-14.0
centenary_la_gentlemen,0.5,0.0,44.5,80.5,0.0,,,,,,0.0,,0.31646497983131644,31.0,0.42434210526315785,-4.5
chadron_state_eagles,0.0,0.0,48.0,71.0,0.0,,,,,,0.0,,0.36,23.0,0.6666666666666666,-4.0
connecticut_college_camels,1.0,0.0,36.0,79.0,4.0,,,,,,0.0,,0.2323232323232323,29.0,0.3684210526315789,4.0
union_ky_bulldogs,0.0,0.0,53.0,120.0,0.0,,,,,,0.0,,0.3505154639175257,38.0,0.3157894736842105,-22.0
mansfield_mountaineers,2.0,0.0,45.0,104.0,0.0,,,,,,0.0,,0.3440860215053763,26.0,0.1538461538461538,-9.0
dickinson_state_nd_blue_hawks,1.0,0.0,42.0,95.0,6.0,,,,,,0.0,,0.3466666666666667,23.0,0.2666666666666666,-20.0
university_of_the_ozarks_eagles,0.0,0.0,49.0,95.0,0.0,,,,,,0.0,,0.3488372093023256,35.0,0.34375,-8.0
olivet_comets,0.0,0.0,29.0,105.0,0.0,,,,,,0.0,,0.3050847457627119,23.0,0.1904761904761904,-5.0
belmont_abbey_crusaders,1.0,0.0,40.0,89.0,0.0,,,,,,0.0,,0.3333333333333333,26.0,0.2692307692307692,-5.0
colorado_mesa_mavericks,1.0,1.0,50.0,62.0,10.0,,,,,,0.0,,0.3163265306122449,44.0,0.8823529411764706,-1.0
lees_mcrae_bobcats,1.5,0.0,40.0,85.0,0.0,,,,,,0.0,,0.3472463768115942,27.0,0.251201923076923,-8.0
coker_cobras,0.0,0.0,51.0,44.0,11.0,,,,,,0.0,,0.3333333333333333,44.0,0.4705882352941176,-6.0
washington_adventist_shock,0.0,0.0,34.0,73.0,0.0,,,,,,0.0,,0.3384615384615385,47.0,0.2439024390243902,-11.0
st_francis_il_fighting_saints,0.0,0.0,61.0,96.0,5.0,,,,,,0.0,,0.4512195121951219,18.0,0.7857142857142857,-1.0
texas_am_kingsville_javelinas,0.0,0.0,58.0,84.0,0.0,,,,,,0.0,,0.3838383838383838,33.0,0.7692307692307693,-18.0
chestnut_hill_college_griffins,2.0,0.0,48.0,87.0,0.0,,,,,,0.0,,0.3444444444444444,33.0,0.4,-15.0
frostburg_state_bobcats,2.0,0.0,59.0,113.0,2.0,,,,,,0.0,,0.4166666666666667,25.0,0.25,-14.0
